periodo,n_obs,id_pieza,id_matriz,pieza_real,pieza_teo,piezas,lote_real,lote_teo
1,1,a01,m02,7.5,7.554,28,210,211.512
1,2,a02,m04,7.02,6.96,80,561.6,556.8
1,3,a03,m09,5.37,5.382,198,1063.26,1065.636
1,4,a05,m01,3.75,3.774,182,682.5,686.868
1,5,a06,m01,3.48,3.378,79,274.92,266.862
1,6,a07,m01,2.4,2.226,548,1315.2,1219.848
1,7,a08,m02,2.4,2.244,245,588,549.78
1,8,a09,m01,5.64,5.85,24,135.36,140.4
1,9,a10,m04,5.61,6.078,96,538.56,583.488
1,10,a05,m03,3.69,3.774,30,110.7,113.22
2,11,a02,m02,7.23,6.96,55,397.65,382.8
2,12,a09,m05,5.76,5.85,95,547.2,555.75
2,13,a10,m04,5.61,6.078,30,168.3,182.34
2,14,a03,m05,5.22,5.382,194,1012.68,1044.108
2,15,a11,m01,4.8,4.26,195,936,830.7
2,16,a12,m04,4.44,4.56,21,93.24,95.76
2,17,a04,m03,3.93,3.906,56,220.08,218.736
2,18,a13,m04,3.66,3.81,34,124.44,129.54
2,19,a05,m02,3.63,3.774,21,76.23,79.254
2,20,a05,m02,3.6,3.774,141,507.6,532.134
2,21,a14,m02,2.73,2.682,195,532.35,522.99
2,22,a15,m01,2.58,2.436,195,503.1,475.02
2,23,a01,m01,8.01,7.554,138,1105.38,1042.452
2,24,a02,m01,7.8,6.96,6,46.8,41.76
2,25,a02,m01,7.734,6.96,74,572.316,515.04
2,26,a02,m02,7.23,6.96,35,253.05,243.6
2,27,a03,m04,5.61,5.382,57,319.77,306.774
2,28,a03,m04,5.598,5.382,126,705.348,678.132
2,29,a12,m05,4.56,4.56,403,1837.68,1837.68
2,30,a06,m01,3.6,3.378,104,374.4,351.312
2,31,a15,m04,2.376,2.436,28,66.528,68.208
2,32,a15,m03,2.37,2.436,339,803.43,825.804
2,33,a16,m01,1.5,1.458,717,1075.5,1045.386
2,34,a03,m08,5.352,5.382,72,385.344,387.504
2,35,a17,m01,2.49,2.13,121,301.29,257.73
2,36,a18,m01,2.4,2.316,150,360,347.4
2,37,a16,m01,1.5,1.458,249,373.5,363.042
2,38,a02,m05,7.2,6.96,10,72,69.6
2,39,a03,m08,5.4,5.382,10,54,53.82
2,40,a03,m06,5.37,5.382,267,1433.79,1436.994
2,41,a03,m07,5.34,5.382,60,320.4,322.92
2,42,a14,m02,2.796,2.682,461,1288.956,1236.402
2,43,a02,m06,7.5,6.96,8,60,55.68
2,44,a02,m01,7.8,6.96,31,241.8,215.76
2,45,a02,m01,7.8,6.96,290,2262,2018.4
2,46,a12,m02,4.8,4.56,8,38.4,36.48
2,47,a12,m05,4.56,4.56,12,54.72,54.72
2,48,a12,m04,4.362,4.56,13,56.706,59.28
2,49,a06,m02,3.276,3.378,175,573.3,591.15
2,50,a14,m02,2.61,2.682,46,120.06,123.372
2,51,a15,m05,2.28,2.436,39,88.92,95.004
3,52,a02,m02,7.11,6.96,33,234.63,229.68
3,53,a09,m06,5.73,5.85,6,34.38,35.1
3,54,a10,m07,5.64,6.078,125,705,759.75
3,55,a12,m05,4.56,4.56,29,132.24,132.24
3,56,a12,m04,4.362,4.56,18,78.516,82.08
3,57,a05,m02,3.63,3.774,105,381.15,396.27
3,58,a14,m02,2.73,2.682,634,1730.82,1700.388
3,59,a15,m03,2.574,2.436,487,1253.538,1186.332
3,60,a01,m07,7.5,7.554,10,75,75.54
3,61,a02,m02,7.11,6.96,6,42.66,41.76
3,62,a09,m01,6,5.85,195,1170,1140.75
3,63,a09,m06,5.73,5.85,8,45.84,46.8
3,64,a05,m01,3.9,3.774,20,78,75.48
3,65,a05,m03,3.78,3.774,17,64.26,64.158
3,66,a05,m02,3.63,3.774,28,101.64,105.672
3,67,a18,m01,2.376,2.316,217,515.592,502.572
3,68,a18,m01,2.37,2.316,54,127.98,125.064
3,69,a08,m02,2.34,2.244,199,465.66,446.556
3,70,a01,m02,7.5,7.554,43,322.5,324.822
3,71,a01,m02,7.5,7.554,4,30,30.216
3,72,a03,m06,5.52,5.382,89,491.28,478.998
3,73,a03,m04,5.46,5.382,215,1173.9,1157.13
3,74,a03,m04,5.43,5.382,26,141.18,139.932
3,75,a12,m02,4.758,4.56,37,176.046,168.72
3,76,a12,m04,4.59,4.56,207,950.13,943.92
3,77,a11,m02,4.23,4.26,178,752.94,758.28
3,78,a05,m01,3.9,3.774,36,140.4,135.864
3,79,a15,m04,2.37,2.436,41,97.17,99.876
3,80,a16,m02,1.38,1.458,247,340.86,360.126
3,81,a03,m03,5.52,5.382,384,2119.68,2066.688
3,82,a12,m03,4.59,4.56,26,119.34,118.56
3,83,a12,m05,4.56,4.56,15,68.4,68.4
3,84,a13,m01,4.29,3.81,313,1342.77,1192.53
3,85,a13,m01,4.2,3.81,40,168,152.4
3,86,a04,m02,4.05,3.906,191,773.55,746.046
3,87,a15,m03,2.46,2.436,26,63.96,63.336
3,88,a17,m01,2.4,2.13,12,28.8,25.56
3,89,a15,m05,2.37,2.436,33,78.21,80.388
3,90,a03,m02,5.64,5.382,45,253.8,242.19
3,91,a04,m02,4.05,3.906,145,587.25,566.37
3,92,a07,m05,2.07,2.226,379,784.53,843.654
3,93,a18,m01,2.49,2.316,150,373.5,347.4
4,94,a09,m02,5.892,5.85,170,1001.64,994.5
4,95,a12,m02,4.98,4.56,25,124.5,114
4,96,a12,m05,4.56,4.56,20,91.2,91.2
4,97,a12,m04,4.38,4.56,16,70.08,72.96
4,98,a14,m03,2.73,2.682,571,1558.83,1531.422
4,99,a18,m01,2.49,2.316,180,448.2,416.88
4,100,a17,m01,2.49,2.13,200,498,426
4,101,a12,m01,4.95,4.56,18,89.1,82.08
4,102,a06,m01,3.72,3.378,140,520.8,472.92
4,103,a05,m02,3.66,3.774,110,402.6,415.14
4,104,a05,m02,3.6,3.774,76,273.6,286.824
4,105,a18,m01,2.4,2.316,15,36,34.74
4,106,a09,m03,6.036,5.85,6,36.216,35.1
4,107,a09,m06,5.76,5.85,30,172.8,175.5
4,108,a12,m04,4.692,4.56,9,42.228,41.04
4,109,a12,m03,4.56,4.56,11,50.16,50.16
4,110,a12,m05,4.506,4.56,9,40.554,41.04
4,111,a05,m02,3.66,3.774,109,398.94,411.366
4,112,a03,m04,5.796,5.382,5,28.98,26.91
4,113,a10,m06,5.76,6.078,22,126.72,133.716
4,114,a09,m04,5.736,5.85,80,458.88,468
4,115,a15,m01,2.544,2.436,587,1493.328,1429.932
4,116,a08,m01,2.49,2.244,233,580.17,522.852
4,117,a01,m03,8.16,7.554,8,65.28,60.432
4,118,a01,m02,7.74,7.554,106,820.44,800.724
4,119,a09,m05,5.964,5.85,7,41.748,40.95
4,120,a12,m01,5.16,4.56,9,46.44,41.04
4,121,a12,m05,4.728,4.56,10,47.28,45.6
4,122,a12,m04,4.692,4.56,8,37.536,36.48
4,123,a08,m01,2.49,2.244,46,114.54,103.224
4,124,a17,m01,2.49,2.13,86,214.14,183.18
4,125,a17,m01,2.46,2.13,220,541.2,468.6
4,126,a09,m01,6.168,5.85,19,117.192,111.15
4,127,a10,m03,5.922,6.078,7,41.454,42.546
4,128,a03,m03,5.436,5.382,91,494.676,489.762
4,129,a06,m01,3.33,3.378,46,153.18,155.388
4,130,a03,m02,5.76,5.382,181,1042.56,974.142
4,131,a03,m08,5.352,5.382,129,690.408,694.278
4,132,a06,m02,3.348,3.378,130,435.24,439.14
5,133,a09,m01,6.12,5.85,10,61.2,58.5
5,134,a03,m03,5.856,5.382,182,1065.792,979.524
5,135,a09,m04,5.772,5.85,110,634.92,643.5
5,136,a12,m04,4.716,4.56,695,3277.62,3169.2
5,137,a04,m01,3.78,3.906,176,665.28,687.456
5,138,a03,m03,5.772,5.382,55,317.46,296.01
5,139,a09,m04,5.772,5.85,185,1067.82,1082.25
5,140,a11,m02,4.272,4.26,230,982.56,979.8
5,141,a04,m01,3.84,3.906,16,61.44,62.496
5,142,a16,m01,1.5,1.458,500,750,729
5,143,a10,m06,5.736,6.078,95,544.92,577.41
5,144,a10,m08,5.592,6.078,135,754.92,820.53
5,145,a11,m02,4.2,4.26,57,239.4,242.82
5,146,a13,m04,3.864,3.81,64,247.296,243.84
5,147,a16,m01,1.5,1.458,320,480,466.56
5,148,a02,m03,7.08,6.96,12,84.96,83.52
5,149,a02,m02,7.02,6.96,42,294.84,292.32
5,150,a05,m01,3.888,3.774,203,789.264,766.122
5,151,a05,m01,3.828,3.774,234,895.752,883.116
5,152,a18,m01,2.49,2.316,188,468.12,435.408
5,153,a01,m04,8.376,7.554,113,946.488,853.602
5,154,a01,m04,7.932,7.554,14,111.048,105.756
5,155,a02,m05,6.768,6.96,8,54.144,55.68
5,156,a04,m02,3.96,3.906,132,522.72,515.592
5,157,a05,m01,3.828,3.774,47,179.916,177.378
5,158,a18,m01,2.448,2.316,88,215.424,203.808
5,159,a04,m02,3.96,3.906,152,601.92,593.712
5,160,a07,m02,2.232,2.226,1048,2339.136,2332.848
6,161,a02,m04,7.02,6.96,16,112.32,111.36
6,162,a02,m03,6.924,6.96,100,692.4,696
6,163,a06,m01,3.36,3.378,110,369.6,371.58
6,164,a14,m02,2.808,2.682,196,550.368,525.672
6,165,a12,m04,4.68,4.56,27,126.36,123.12
6,166,a06,m02,3.468,3.378,14,48.552,47.292
6,167,a14,m02,2.808,2.682,121,339.768,324.522
6,168,a15,m01,2.568,2.436,180,462.24,438.48
6,169,a18,m01,2.484,2.316,26,64.584,60.216
6,170,a12,m04,4.68,4.56,270,1263.6,1231.2
6,171,a02,m06,6.948,6.96,70,486.36,487.2
6,172,a08,m01,2.544,2.244,150,381.6,336.6
6,173,a18,m01,2.496,2.316,175,436.8,405.3
6,174,a03,m02,6,5.382,122,732,656.604
6,175,a10,m01,6,6.078,170,1020,1033.26
6,176,a03,m02,5.988,5.382,33,197.604,177.606
6,177,a13,m02,3.72,3.81,220,818.4,838.2
6,178,a06,m01,3.3,3.378,261,861.3,881.658
6,179,a14,m03,2.736,2.682,45,123.12,120.69
6,180,a18,m01,2.436,2.316,24,58.464,55.584
6,181,a07,m01,2.31,2.226,724,1672.44,1611.624
6,182,a09,m01,5.976,5.85,15,89.64,87.75
6,183,a11,m01,4.38,4.26,52,227.76,221.52
6,184,a07,m01,2.31,2.226,673,1554.63,1498.098
6,185,a16,m01,1.518,1.458,402,610.236,586.116
7,186,a09,m03,6.108,5.85,5,30.54,29.25
7,187,a09,m02,5.952,5.85,37,220.224,216.45
7,188,a09,m05,5.88,5.85,13,76.44,76.05
7,189,a12,m04,4.68,4.56,339,1586.52,1545.84
7,190,a11,m02,4.206,4.26,464,1951.584,1976.64
7,191,a11,m02,4.2,4.26,28,117.6,119.28
7,192,a13,m04,3.936,3.81,58,228.288,220.98
7,193,a14,m03,2.664,2.682,40,106.56,107.28
7,194,a08,m02,2.34,2.244,90,210.6,201.96
7,195,a02,m05,6.912,6.96,243,1679.616,1691.28
7,196,a09,m02,5.952,5.85,97,577.344,567.45
7,197,a14,m02,2.742,2.682,1013,2777.646,2716.866
7,198,a05,m01,4.02,3.774,270,1085.4,1018.98
7,199,a05,m01,3.936,3.774,42,165.312,158.508
7,200,a13,m04,3.852,3.81,220,847.44,838.2
7,201,a13,m02,3.816,3.81,25,95.4,95.25
7,202,a04,m03,3.816,3.906,349,1331.784,1363.194
7,203,a15,m03,2.532,2.436,200,506.4,487.2
7,204,a15,m04,2.478,2.436,34,84.252,82.824
7,205,a17,m02,2.04,2.13,240,489.6,511.2
7,206,a17,m03,2.022,2.13,245,495.39,521.85
7,207,a10,m06,5.85,6.078,122,713.7,741.516
7,208,a13,m03,4.02,3.81,56,225.12,213.36
7,209,a13,m03,3.966,3.81,324,1284.984,1234.44
7,210,a15,m01,2.592,2.436,495,1283.04,1205.82
7,211,a08,m01,2.508,2.244,60,150.48,134.64
7,212,a15,m04,2.478,2.436,45,111.51,109.62
7,213,a15,m05,2.37,2.436,35,82.95,85.26
7,214,a16,m02,1.578,1.458,40,63.12,58.32
7,215,a16,m02,1.452,1.458,224,325.248,326.592
7,216,a09,m04,5.988,5.85,11,65.868,64.35
7,217,a10,m03,5.94,6.078,11,65.34,66.858
7,218,a09,m05,5.91,5.85,114,673.74,666.9
7,219,a10,m06,5.85,6.078,30,175.5,182.34
7,220,a12,m05,4.74,4.56,6,28.44,27.36
7,221,a06,m02,3.45,3.378,115,396.75,388.47
7,222,a18,m01,2.46,2.316,167,410.82,386.772
7,223,a08,m02,2.43,2.244,204,495.72,457.776
7,224,a08,m02,2.424,2.244,439,1064.136,985.116
7,225,a01,m04,8.25,7.554,49,404.25,370.146
7,226,a09,m06,5.88,5.85,105,617.4,614.25
7,227,a12,m01,5.16,4.56,6,30.96,27.36
8,228,a01,m04,8.25,7.554,154,1270.5,1163.316
8,229,a09,m06,5.988,5.85,76,455.088,444.6
8,230,a12,m06,4.53,4.56,9,40.77,41.04
8,231,a12,m04,4.68,4.56,468,2190.24,2134.08
8,232,a12,m07,4.344,4.56,26,112.944,118.56
8,233,a17,m02,2.07,2.13,61,126.27,129.93
8,234,a06,m01,3.42,3.378,84,287.28,283.752
8,235,a17,m03,2.07,2.13,81,167.67,172.53
8,236,a02,m03,6.96,6.96,106,737.76,737.76
8,237,a09,m03,6.18,5.85,6,37.08,35.1
8,238,a07,m01,2.34,2.226,653,1528.02,1453.578
8,239,a17,m02,2.07,2.13,138,285.66,293.94
8,240,a02,m03,6.93,6.96,28,194.04,194.88
8,241,a02,m03,6.9,6.96,136,938.4,946.56
8,242,a09,m04,5.94,5.85,55,326.7,321.75
8,243,a03,m09,5.58,5.382,162,903.96,871.884
8,244,a17,m03,2.13,2.13,23,48.99,48.99
8,245,a16,m01,1.5,1.458,272,408,396.576
8,246,a03,m09,5.58,5.382,231,1288.98,1243.242
8,247,a17,m03,2.13,2.13,32,68.16,68.16
8,248,a09,m01,6.24,5.85,55,343.2,321.75
8,249,a03,m03,5.97,5.382,36,214.92,193.752
8,250,a05,m03,3.81,3.774,150,571.5,566.1
9,251,a01,m01,8.22,7.554,39,320.58,294.606
9,252,a09,m03,6.12,5.85,6,36.72,35.1
9,253,a09,m05,6.12,5.85,14,85.68,81.9
9,254,a10,m02,6.06,6.078,407,2466.42,2473.746
9,255,a13,m04,3.84,3.81,304,1167.36,1158.24
9,256,a17,m02,2.13,2.13,125,266.25,266.25
9,257,a01,m06,7.89,7.554,4,31.56,30.216
9,258,a09,m02,6.06,5.85,72,436.32,421.2
9,259,a03,m05,5.52,5.382,75,414,403.65
9,260,a04,m03,3.9,3.906,100,390,390.6
9,261,a06,m02,3.33,3.378,175,582.75,591.15
9,262,a09,m02,6.06,5.85,8,48.48,46.8
9,263,a09,m04,5.88,5.85,88,517.44,514.8
9,264,a04,m02,4.05,3.906,20,81,78.12
9,265,a07,m03,2.1,2.226,250,525,556.5
9,266,a09,m04,5.946,5.85,131,778.926,766.35
9,267,a07,m03,2.1,2.226,759,1593.9,1689.534
9,268,a12,m03,4.86,4.56,11,53.46,50.16
9,269,a12,m04,4.8,4.56,476,2284.8,2170.56
9,270,a12,m06,4.548,4.56,55,250.14,250.8
9,271,a05,m01,3.96,3.774,131,518.76,494.394
9,272,a05,m03,3.87,3.774,20,77.4,75.48
9,273,a18,m05,2.28,2.316,27,61.56,62.532
9,274,a05,m01,3.96,3.774,48,190.08,181.152
9,275,a05,m02,3.48,3.774,205,713.4,773.67
9,276,a14,m05,2.652,2.682,492,1304.784,1319.544
9,277,a18,m05,2.28,2.316,72,164.16,166.752
10,278,a01,m02,7.8,7.554,33,257.4,249.282
10,279,a01,m02,7.71,7.554,225,1734.75,1699.65
10,280,a01,m02,7.62,7.554,42,320.04,317.268
10,281,a09,m06,5.85,5.85,300,1755,1755
10,282,a09,m05,5.7,5.85,6,34.2,35.1
10,283,a03,m06,5.67,5.382,116,657.72,624.312
10,284,a03,m08,5.52,5.382,185,1021.2,995.67
10,285,a12,m07,4.44,4.56,23,102.12,104.88
10,286,a04,m03,3.93,3.906,170,668.1,664.02
10,287,a18,m05,2.292,2.316,100,229.2,231.6
10,288,a18,m06,2.25,2.316,27,60.75,62.532
10,289,a18,m05,2.29,2.316,52,119.08,120.432
10,290,a01,m02,7.8,7.554,37,288.6,279.498
10,291,a02,m03,6.87,6.96,213,1463.31,1482.48
10,292,a09,m02,5.94,5.85,52,308.88,304.2
10,293,a03,m06,5.76,5.382,105,604.8,565.11
10,294,a12,m05,4.77,4.56,23,109.71,104.88
10,295,a12,m03,4.56,4.56,387,1764.72,1764.72
10,296,a04,m01,3.84,3.906,275,1056,1074.15
10,297,a06,m01,3.36,3.378,105,352.8,354.69
10,298,a15,m04,2.478,2.436,94,232.932,228.984
10,299,a15,m05,2.43,2.436,25,60.75,60.9
10,300,a02,m03,6.87,6.96,152,1044.24,1057.92
10,301,a12,m07,4.62,4.56,101,466.62,460.56
10,302,a12,m05,4.56,4.56,10,45.6,45.6
10,303,a11,m01,4.41,4.26,171,754.11,728.46
10,304,a15,m01,2.61,2.436,449,1171.89,1093.764
10,305,a16,m01,1.53,1.458,700,1071,1020.6
10,306,a10,m07,5.76,6.078,12,69.12,72.936
10,307,a11,m02,4.32,4.26,110,475.2,468.6
10,308,a15,m03,2.58,2.436,95,245.1,231.42
10,309,a03,m01,5.7,5.382,435,2479.5,2341.17
11,310,a10,m01,6.09,6.078,25,152.25,151.95
11,311,a10,m04,5.82,6.078,80,465.6,486.24
11,312,a12,m07,4.47,4.56,247,1104.09,1126.32
11,313,a05,m02,3.72,3.774,260,967.2,981.24
11,314,a14,m02,2.82,2.682,908,2560.56,2435.256
11,315,a09,m01,6.27,5.85,244,1529.88,1427.4
11,316,a10,m02,6.06,6.078,151,915.06,917.778
11,317,a18,m05,2.31,2.316,540,1247.4,1250.64
11,318,a01,m04,8.16,7.554,116,946.56,876.264
11,319,a10,m01,6.15,6.078,68,418.2,413.304
11,320,a12,m04,4.95,4.56,22,108.9,100.32
11,321,a05,m02,3.57,3.774,110,392.7,415.14
11,322,a06,m01,3.42,3.378,230,786.6,776.94
11,323,a14,m03,2.73,2.682,12,32.76,32.184
11,324,a15,m01,2.61,2.436,255,665.55,621.18
11,325,a10,m01,6.15,6.078,300,1845,1823.4
11,326,a05,m02,3.57,3.774,180,642.6,679.32
11,327,a14,m01,2.82,2.682,36,101.52,96.552
12,328,a02,m03,6.99,6.96,329,2299.71,2289.84
12,329,a12,m04,4.95,4.56,314,1554.3,1431.84
12,330,a12,m06,4.56,4.56,254,1158.24,1158.24
12,331,a16,m02,1.452,1.458,327,474.804,476.766
12,332,a09,m05,6.18,5.85,115,710.7,672.75
12,333,a09,m04,5.97,5.85,80,477.6,468
12,334,a09,m03,5.88,5.85,6,35.28,35.1
12,335,a15,m02,2.52,2.436,245,617.4,596.82
12,336,a15,m05,2.46,2.436,25,61.5,60.9
12,337,a15,m04,2.46,2.436,96,236.16,233.856
12,338,a02,m05,7.11,6.96,10,71.1,69.6
12,339,a11,m02,4.32,4.26,200,864,852
12,340,a14,m02,2.76,2.682,641,1769.16,1719.162
12,341,a14,m03,2.73,2.682,10,27.3,26.82
12,342,a14,m05,2.73,2.682,441,1203.93,1182.762
12,343,a15,m05,2.46,2.436,68,167.28,165.648
12,344,a03,m03,6,5.382,56,336,301.392
12,345,a13,m02,3.81,3.81,122,464.82,464.82
12,346,a05,m02,3.72,3.774,100,372,377.4
12,347,a06,m02,3.54,3.378,14,49.56,47.292
12,348,a16,m02,1.47,1.458,283,416.01,412.614
12,349,a02,m06,7.05,6.96,4,28.2,27.84
12,350,a03,m04,5.7,5.382,117,666.9,629.694
12,351,a12,m03,4.65,4.56,10,46.5,45.6
12,352,a12,m06,4.548,4.56,24,109.152,109.44
12,353,a06,m01,3.33,3.378,98,326.34,331.044
12,354,a16,m02,1.47,1.458,96,141.12,139.968
13,355,a02,m04,7.05,6.96,119,838.95,828.24
13,356,a12,m05,4.71,4.56,8,37.68,36.48
13,357,a05,m07,3.78,3.774,139,525.42,524.586
13,358,a02,m04,7.05,6.96,35,246.75,243.6
13,359,a12,m07,4.59,4.56,354,1624.86,1614.24
13,360,a04,m03,4.05,3.906,120,486,468.72
13,361,a04,m04,3.9,3.906,267,1041.3,1042.902
13,362,a14,m04,2.7,2.682,20,54,53.64
13,363,a15,m03,2.58,2.436,55,141.9,133.98
13,364,a09,m01,6.45,5.85,6,38.7,35.1
13,365,a09,m02,6.06,5.85,104,630.24,608.4
13,366,a10,m08,5.94,6.078,65,386.1,395.07
13,367,a03,m01,5.88,5.382,17,99.96,91.494
13,368,a03,m06,5.88,5.382,61,358.68,328.302
13,369,a12,m04,4.8,4.56,476,2284.8,2170.56
13,370,a04,m03,4.05,3.906,115,465.75,449.19
13,371,a06,m02,3.51,3.378,20,70.2,67.56
13,372,a14,m03,2.76,2.682,18,49.68,48.276
13,373,a14,m01,2.7,2.682,20,54,53.64
13,374,a15,m02,2.55,2.436,136,346.8,331.296
13,375,a02,m03,7.08,6.96,90,637.2,626.4
13,376,a03,m05,5.52,5.382,136,750.72,731.952
13,377,a14,m03,2.73,2.682,65,177.45,174.33
13,378,a14,m03,2.67,2.682,15,40.05,40.23
13,379,a16,m01,1.53,1.458,390,596.7,568.62
13,380,a02,m04,7.08,6.96,124,877.92,863.04
13,381,a11,m02,4.38,4.26,210,919.8,894.6
13,382,a13,m02,3.72,3.81,205,762.6,781.05
13,383,a06,m02,3.48,3.378,75,261,253.35
13,384,a14,m04,2.7,2.682,75,202.5,201.15
13,385,a13,m02,3.72,3.81,57,212.04,217.17
13,386,a07,m03,2.1,2.226,400,840,890.4
14,387,a01,m04,8.1,7.554,42,340.2,317.268
14,388,a12,m06,4.65,4.56,100,465,456
14,389,a05,m02,3.66,3.774,144,527.04,543.456
14,390,a05,m02,3.63,3.774,110,399.3,415.14
14,391,a14,m05,2.67,2.682,15,40.05,40.23
14,392,a10,m02,6.15,6.078,20,123,121.56
14,393,a10,m01,6.12,6.078,277,1695.24,1683.606
14,394,a09,m02,5.97,5.85,94,561.18,549.9
14,395,a12,m06,4.53,4.56,13,58.89,59.28
14,396,a12,m07,4.5,4.56,17,76.5,77.52
14,397,a06,m02,3.39,3.378,185,627.15,624.93
14,398,a15,m01,2.64,2.436,267,704.88,650.412
14,399,a09,m01,6.27,5.85,95,595.65,555.75
14,400,a09,m04,6.15,5.85,75,461.25,438.75
14,401,a12,m05,4.8,4.56,6,28.8,27.36
14,402,a12,m03,4.608,4.56,8,36.864,36.48
14,403,a11,m02,4.38,4.26,155,678.9,660.3
14,404,a05,m02,3.57,3.774,134,478.38,505.716
14,405,a06,m01,3.42,3.378,235,803.7,793.83
14,406,a03,m07,5.64,5.382,426,2402.64,2292.732
14,407,a03,m05,5.52,5.382,213,1175.76,1146.366
14,408,a12,m04,4.92,4.56,477,2346.84,2175.12
14,409,a04,m04,3.9,3.906,115,448.5,449.19
14,410,a14,m01,2.82,2.682,16,45.12,42.912
14,411,a14,m04,2.7,2.682,307,828.9,823.374
14,412,a12,m07,4.5,4.56,22,99,100.32
14,413,a16,m01,1.53,1.458,424,648.72,618.192
15,414,a02,m03,7.2,6.96,85,612,591.6
15,415,a02,m04,7.11,6.96,26,184.86,180.96
15,416,a02,m04,7.11,6.96,126,895.86,876.96
15,417,a12,m04,4.8,4.56,40,192,182.4
15,418,a13,m02,3.87,3.81,20,77.4,76.2
15,419,a07,m05,2.112,2.226,576,1216.512,1282.176
15,420,a16,m02,1.44,1.458,89,128.16,129.762
15,421,a03,m04,5.88,5.382,7,41.16,37.674
15,422,a03,m05,5.58,5.382,98,546.84,527.436
15,423,a12,m07,4.62,4.56,148,683.76,674.88
15,424,a13,m03,3.93,3.81,280,1100.4,1066.8
15,425,a13,m02,3.87,3.81,10,38.7,38.1
15,426,a14,m03,2.73,2.682,25,68.25,67.05
15,427,a15,m02,2.55,2.436,185,471.75,450.66
15,428,a18,m02,2.25,2.316,182,409.5,421.512
15,429,a07,m05,2.1,2.226,51,107.1,113.526
15,430,a10,m02,6.24,6.078,8,49.92,48.624
15,431,a03,m09,5.82,5.382,403,2345.46,2168.946
15,432,a03,m06,5.76,5.382,5,28.8,26.91
15,433,a12,m07,4.62,4.56,34,157.08,155.04
15,434,a05,m04,3.6,3.774,75,270,283.05
15,435,a14,m03,2.73,2.682,241,657.93,646.362
15,436,a16,m01,1.53,1.458,458,700.74,667.764
15,437,a09,m01,6.36,5.85,115,731.4,672.75
15,438,a10,m06,6,6.078,78,468,474.084
15,439,a05,m04,3.6,3.774,28,100.8,105.672
15,440,a14,m03,2.73,2.682,406,1108.38,1088.892
15,441,a11,m02,4.44,4.26,189,839.16,805.14
15,442,a05,m07,3.84,3.774,198,760.32,747.252
15,443,a05,m04,3.6,3.774,12,43.2,45.288
15,444,a14,m03,2.76,2.682,55,151.8,147.51
15,445,a12,m07,4.5,4.56,15,67.5,68.4
15,446,a06,m01,3.48,3.378,195,678.6,658.71
15,447,a01,m01,8.16,7.554,94,767.04,710.076
15,448,a04,m04,3.96,3.906,39,154.44,152.334
16,449,a03,m07,5.61,5.382,9,50.49,48.438
16,450,a12,m07,4.77,4.56,48,228.96,218.88
16,451,a05,m07,3.84,3.774,153,587.52,577.422
16,452,a05,m02,3.81,3.774,123,468.63,464.202
16,453,a14,m03,2.73,2.682,57,155.61,152.874
16,454,a07,m04,2.13,2.226,908,1934.04,2021.208
16,455,a10,m08,6,6.078,348,2088,2115.144
16,456,a09,m06,5.94,5.85,335,1989.9,1959.75
16,457,a03,m04,5.7,5.382,5,28.5,26.91
16,458,a12,m04,4.92,4.56,499,2455.08,2275.44
16,459,a05,m02,3.81,3.774,124,472.44,467.976
16,460,a09,m04,6.18,5.85,148,914.64,865.8
16,461,a03,m03,6,5.382,143,858,769.626
16,462,a03,m06,5.97,5.382,105,626.85,565.11
16,463,a12,m04,4.92,4.56,165,811.8,752.4
16,464,a05,m02,3.6,3.774,68,244.8,256.632
16,465,a15,m01,2.67,2.436,30,80.1,73.08
16,466,a01,m02,7.92,7.554,71,562.32,536.334
16,467,a03,m04,5.91,5.382,99,585.09,532.818
16,468,a03,m05,5.76,5.382,10,57.6,53.82
16,469,a03,m07,5.7,5.382,23,131.1,123.786
16,470,a12,m04,4.92,4.56,149,733.08,679.44
16,471,a04,m03,4.05,3.906,78,315.9,304.668
16,472,a04,m04,3.93,3.906,165,648.45,644.49
16,473,a15,m01,2.67,2.436,623,1663.41,1517.628
16,474,a03,m06,6,5.382,17,102,91.494
16,475,a13,m03,4.05,3.81,185,749.25,704.85
16,476,a18,m05,2.34,2.316,142,332.28,328.872
17,477,a06,m02,3.51,3.378,46,161.46,155.388
17,478,a18,m05,2.34,2.316,100,234,231.6
17,479,a01,m04,8.4,7.554,33,277.2,249.282
17,480,a02,m04,7.08,6.96,62,438.96,431.52
17,481,a11,m02,4.32,4.26,24,103.68,102.24
17,482,a13,m04,3.93,3.81,35,137.55,133.35
17,483,a06,m02,3.51,3.378,168,589.68,567.504
17,484,a14,m03,2.7,2.682,702,1895.4,1882.764
17,485,a16,m02,1.47,1.458,396,582.12,577.368
17,486,a12,m03,4.65,4.56,134,623.1,611.04
17,487,a13,m02,3.93,3.81,137,538.41,521.97
17,488,a13,m06,3.69,3.81,14,51.66,53.34
17,489,a14,m04,2.73,2.682,70,191.1,187.74
17,490,a12,m03,4.65,4.56,75,348.75,342
17,491,a11,m02,4.32,4.26,130,561.6,553.8
17,492,a04,m03,4.08,3.906,52,212.16,203.112
17,493,a05,m02,3.69,3.774,151,557.19,569.874
17,494,a14,m04,2.7,2.682,75,202.5,201.15
17,495,a07,m04,2.13,2.226,285,607.05,634.41
17,496,a02,m04,7.2,6.96,178,1281.6,1238.88
17,497,a09,m01,6.48,5.85,260,1684.8,1521
17,498,a10,m01,6.15,6.078,141,867.15,856.998
17,499,a03,m03,6.09,5.382,17,103.53,91.494
17,500,a03,m04,5.94,5.382,35,207.9,188.37
17,501,a11,m02,4.32,4.26,115,496.8,489.9
17,502,a16,m01,1.56,1.458,198,308.88,288.684
17,503,a03,m04,5.94,5.382,99,588.06,532.818
17,504,a12,m04,5.01,4.56,74,370.74,337.44
17,505,a12,m07,4.5,4.56,15,67.5,68.4
17,506,a12,m07,4.5,4.56,108,486,492.48
17,507,a11,m02,4.29,4.26,26,111.54,110.76
17,508,a14,m04,2.7,2.682,91,245.7,244.062
18,509,a01,m01,8.25,7.554,30,247.5,226.62
18,510,a12,m07,4.56,4.56,214,975.84,975.84
18,511,a14,m01,2.82,2.682,231,651.42,619.542
18,512,a15,m01,2.7,2.436,85,229.5,207.06
18,513,a15,m06,2.4,2.436,16,38.4,38.976
18,514,a07,m02,2.31,2.226,129,297.99,287.154
18,515,a01,m02,8.22,7.554,52,427.44,392.808
18,516,a02,m03,6.87,6.96,107,735.09,744.72
18,517,a03,m09,5.79,5.382,14,81.06,75.348
18,518,a03,m07,5.67,5.382,108,612.36,581.256
18,519,a03,m05,5.58,5.382,131,730.98,705.042
18,520,a12,m04,5.13,4.56,121,620.73,551.76
18,521,a12,m06,4.65,4.56,27,125.55,123.12
18,522,a12,m07,4.56,4.56,32,145.92,145.92
18,523,a07,m05,2.13,2.226,253,538.89,563.178
18,524,a12,m06,4.71,4.56,430,2025.3,1960.8
19,525,a03,m05,5.76,5.382,104,599.04,559.728
19,526,a05,m04,3.69,3.774,242,892.98,913.308
19,527,a05,m04,3.6,3.774,60,216,226.44
19,528,a15,m05,2.49,2.436,726,1807.74,1768.536
19,529,a18,m02,2.28,2.316,105,239.4,243.18
19,530,a16,m02,1.44,1.458,756,1088.64,1102.248
19,531,a09,m04,6.15,5.85,108,664.2,631.8
19,532,a03,m05,5.76,5.382,58,334.08,312.156
19,533,a12,m03,4.74,4.56,58,274.92,264.48
19,534,a12,m03,4.68,4.56,251,1174.68,1144.56
19,535,a11,m02,4.32,4.26,291,1257.12,1239.66
19,536,a18,m05,2.34,2.316,24,56.16,55.584
19,537,a01,m02,7.92,7.554,5,39.6,37.77
19,538,a10,m01,6.21,6.078,200,1242,1215.6
19,539,a09,m06,5.94,5.85,163,968.22,953.55
19,540,a06,m02,3.54,3.378,243,860.22,820.854
19,541,a01,m04,8.37,7.554,76,636.12,574.104
19,542,a04,m03,4.05,3.906,234,947.7,914.004
19,543,a14,m05,2.76,2.682,47,129.72,126.054
19,544,a14,m01,2.85,2.682,652,1858.2,1748.664
20,545,a02,m03,7.2,6.96,172,1238.4,1197.12
20,546,a06,m01,3.45,3.378,11,37.95,37.158
20,547,a07,m03,2.1,2.226,282,592.2,627.732
20,548,a07,m03,1.998,2.226,304,607.392,676.704
20,549,a16,m01,1.5,1.458,332,498,484.056
20,550,a06,m02,3.54,3.378,26,92.04,87.828
20,551,a06,m02,3.42,3.378,432,1477.44,1459.296
20,552,a01,m01,8.13,7.554,85,691.05,642.09
20,553,a01,m01,8.31,7.554,22,182.82,166.188
20,554,a01,m01,8.13,7.554,8,65.04,60.432
20,555,a02,m04,7.2,6.96,131,943.2,911.76
20,556,a12,m06,4.53,4.56,492,2228.76,2243.52
20,557,a15,m01,2.7,2.436,11,29.7,26.796
20,558,a11,m02,4.32,4.26,90,388.8,383.4
20,559,a04,m03,4.11,3.906,368,1512.48,1437.408
20,560,a13,m02,3.84,3.81,64,245.76,243.84
20,561,a15,m03,2.61,2.436,336,876.96,818.496
20,562,a16,m01,1.56,1.458,166,258.96,242.028
20,563,a10,m06,6,6.078,101,606,613.878
20,564,a05,m02,3.45,3.774,60,207,226.44
20,565,a09,m04,6.18,5.85,278,1718.04,1626.3
20,566,a03,m04,5.85,5.382,20,117,107.64
20,567,a03,m09,5.706,5.382,85,485.01,457.47
20,568,a05,m02,3.45,3.774,197,679.65,743.478
20,569,a14,m01,2.88,2.682,53,152.64,142.146
20,570,a18,m02,2.28,2.316,79,180.12,182.964
21,571,a01,m06,7.71,7.554,5,38.55,37.77
21,572,a03,m09,5.85,5.382,74,432.9,398.268
21,573,a03,m05,5.76,5.382,141,812.16,758.862
21,574,a14,m01,2.88,2.682,555,1598.4,1488.51
21,575,a01,m03,8.25,7.554,23,189.75,173.742
21,576,a01,m05,7.71,7.554,4,30.84,30.216
21,577,a02,m03,7.38,6.96,182,1343.16,1266.72
21,578,a03,m09,5.88,5.382,5,29.4,26.91
21,579,a03,m07,5.79,5.382,11,63.69,59.202
21,580,a03,m05,5.76,5.382,70,403.2,376.74
21,581,a05,m07,3.87,3.774,98,379.26,369.852
21,582,a03,m03,6.09,5.382,19,115.71,102.258
21,583,a03,m04,5.97,5.382,439,2620.83,2362.698
21,584,a11,m02,4.41,4.26,67,295.47,285.42
21,585,a18,m03,2.25,2.316,305,686.25,706.38
21,586,a04,m04,3.93,3.906,292,1147.56,1140.552
21,587,a05,m04,3.69,3.774,112,413.28,422.688
21,588,a18,m05,2.37,2.316,171,405.27,396.036
21,589,a12,m03,4.68,4.56,158,739.44,720.48
21,590,a12,m08,4.35,4.56,40,174,182.4
21,591,a13,m02,3.87,3.81,228,882.36,868.68
21,592,a14,m04,2.772,2.682,70,194.04,187.74
21,593,a02,m03,7.35,6.96,38,279.3,264.48
21,594,a05,m02,3.51,3.774,278,975.78,1049.172
22,595,a01,m03,8.31,7.554,46,382.26,347.484
22,596,a01,m01,8.28,7.554,4,33.12,30.216
22,597,a02,m04,7.08,6.96,175,1239,1218
22,598,a12,m03,4.59,4.56,15,68.85,68.4
22,599,a13,m03,4.08,3.81,193,787.44,735.33
22,600,a13,m04,3.84,3.81,21,80.64,80.01
22,601,a14,m04,2.76,2.682,597,1647.72,1601.154
22,602,a18,m03,2.28,2.316,22,50.16,50.952
22,603,a01,m02,7.92,7.554,191,1512.72,1442.814
22,604,a12,m07,4.92,4.56,7,34.44,31.92
22,605,a12,m03,4.86,4.56,28,136.08,127.68
22,606,a12,m06,4.56,4.56,60,273.6,273.6
22,607,a11,m02,4.44,4.26,25,111,106.5
22,608,a12,m09,4.38,4.56,96,420.48,437.76
22,609,a15,m01,2.58,2.436,12,30.96,29.232
22,610,a15,m02,2.58,2.436,258,665.64,628.488
22,611,a18,m05,2.34,2.316,146,341.64,338.136
22,612,a01,m05,7.77,7.554,19,147.63,143.526
22,613,a02,m07,6.78,6.96,8,54.24,55.68
22,614,a09,m04,6.33,5.85,58,367.14,339.3
22,615,a09,m05,6.24,5.85,215,1341.6,1257.75
22,616,a09,m06,6.18,5.85,23,142.14,134.55
22,617,a03,m07,5.64,5.382,45,253.8,242.19
22,618,a11,m02,4.47,4.26,88,393.36,374.88
22,619,a10,m01,6.33,6.078,25,158.25,151.95
22,620,a03,m05,5.88,5.382,13,76.44,69.966
22,621,a03,m07,5.64,5.382,158,891.12,850.356
22,622,a06,m02,3.51,3.378,90,315.9,304.02
22,623,a06,m01,3.48,3.378,39,135.72,131.742
22,624,a18,m03,2.25,2.316,69,155.25,159.804
22,625,a07,m03,2.19,2.226,223,488.37,496.398
22,626,a01,m06,7.89,7.554,128,1009.92,966.912
22,627,a02,m03,7.53,6.96,137,1031.61,953.52
22,628,a10,m01,6.33,6.078,80,506.4,486.24
22,629,a03,m09,5.91,5.382,235,1388.85,1264.77
22,630,a12,m08,4.56,4.56,56,255.36,255.36
22,631,a16,m01,1.53,1.458,192,293.76,279.936
22,632,a04,m04,4.11,3.906,35,143.85,136.71
22,633,a04,m03,3.96,3.906,537,2126.52,2097.522
22,634,a12,m03,4.8,4.56,6,28.8,27.36
22,635,a14,m01,2.88,2.682,397,1143.36,1064.754
23,636,a09,m04,6.3,5.85,9,56.7,52.65
23,637,a09,m06,6.15,5.85,45,276.75,263.25
23,638,a12,m07,4.8,4.56,6,28.8,27.36
23,639,a12,m06,4.56,4.56,14,63.84,63.84
23,640,a12,m09,4.29,4.56,156,669.24,711.36
23,641,a04,m03,4.08,3.906,237,966.96,925.722
23,642,a13,m03,4.05,3.81,70,283.5,266.7
23,643,a14,m01,2.88,2.682,105,302.4,281.61
23,644,a15,m03,2.58,2.436,265,683.7,645.54
23,645,a18,m06,2.31,2.316,75,173.25,173.7
23,646,a17,m02,2.22,2.13,92,204.24,195.96
23,647,a09,m01,6.6,5.85,13,85.8,76.05
23,648,a10,m02,6.24,6.078,70,436.8,425.46
23,649,a10,m02,6.18,6.078,115,710.7,698.97
23,650,a13,m04,3.81,3.81,11,41.91,41.91
23,651,a14,m01,2.88,2.682,18,51.84,48.276
23,652,a09,m02,6.3,5.85,76,478.8,444.6
23,653,a09,m06,6.18,5.85,76,469.68,444.6
23,654,a03,m04,5.97,5.382,6,35.82,32.292
23,655,a03,m05,5.76,5.382,170,979.2,914.94
23,656,a12,m08,4.44,4.56,226,1003.44,1030.56
23,657,a13,m05,3.75,3.81,32,120,121.92
23,658,a05,m04,3.51,3.774,391,1372.41,1475.634
23,659,a06,m01,3.39,3.378,96,325.44,324.288
23,660,a14,m01,2.94,2.682,115,338.1,308.43
23,661,a09,m02,6.21,5.85,13,80.73,76.05
23,662,a09,m06,6.18,5.85,16,98.88,93.6
23,663,a03,m03,6,5.382,25,150,134.55
23,664,a12,m08,4.44,4.56,72,319.68,328.32
23,665,a13,m02,3.84,3.81,58,222.72,220.98
23,666,a13,m05,3.69,3.81,15,55.35,57.15
23,667,a05,m04,3.66,3.774,43,157.38,162.282
23,668,a06,m01,3.39,3.378,62,210.18,209.436
23,669,a14,m04,2.79,2.682,16,44.64,42.912
23,670,a16,m01,1.56,1.458,370,577.2,539.46
23,671,a19,m01,1.41,1.422,344,485.04,489.168
23,672,a09,m05,6.18,5.85,45,278.1,263.25
23,673,a03,m05,5.79,5.382,18,104.22,96.876
23,674,a11,m02,4.5,4.26,14,63,59.64
23,675,a07,m02,2.28,2.226,313,713.64,696.738
23,676,a16,m01,1.5,1.458,37,55.5,53.946
23,677,a09,m04,6.33,5.85,26,164.58,152.1
23,678,a07,m02,2.262,2.226,605,1368.51,1346.73
23,679,a09,m02,6.24,5.85,47,293.28,274.95
23,680,a11,m02,4.47,4.26,120,536.4,511.2
23,681,a14,m04,2.79,2.682,101,281.79,270.882
23,682,a07,m03,2.16,2.226,29,62.64,64.554
23,683,a07,m05,2.16,2.226,916,1978.56,2039.016
24,684,a01,m05,7.8,7.554,6,46.8,45.324
24,685,a02,m04,7.17,6.96,12,86.04,83.52
24,686,a09,m04,6.42,5.85,27,173.34,157.95
24,687,a09,m06,6.06,5.85,7,42.42,40.95
24,688,a13,m03,4.08,3.81,219,893.52,834.39
24,689,a04,m04,3.96,3.906,28,110.88,109.368
24,690,a06,m01,3.45,3.378,44,151.8,148.632
24,691,a15,m01,2.73,2.436,47,128.31,114.492
24,692,a15,m04,2.58,2.436,56,144.48,136.416
24,693,a01,m02,8.1,7.554,32,259.2,241.728
24,694,a12,m09,4.29,4.56,572,2453.88,2608.32
24,695,a05,m07,3.72,3.774,498,1852.56,1879.452
24,696,a09,m05,6.15,5.85,6,36.9,35.1
24,697,a03,m04,5.958,5.382,188,1120.104,1011.816
24,698,a12,m03,4.62,4.56,8,36.96,36.48
24,699,a13,m02,3.84,3.81,37,142.08,140.97
24,700,a06,m03,3.24,3.378,44,142.56,148.632
24,701,a17,m03,2.148,2.13,236,506.928,502.68
24,702,a09,m04,6.312,5.85,55,347.16,321.75
24,703,a10,m01,6.168,6.078,166,1023.888,1008.948
24,704,a03,m07,5.64,5.382,21,118.44,113.022
24,705,a13,m04,3.918,3.81,161,630.798,613.41
24,706,a13,m04,3.81,3.81,480,1828.8,1828.8
24,707,a13,m05,3.708,3.81,10,37.08,38.1
24,708,a14,m01,2.91,2.682,470,1367.7,1260.54
24,709,a14,m04,2.79,2.682,15,41.85,40.23
24,710,a15,m04,2.58,2.436,363,936.54,884.268
24,711,a15,m05,2.52,2.436,259,652.68,630.924
24,712,a18,m05,2.322,2.316,169,392.418,391.404
24,713,a18,m06,2.28,2.316,28,63.84,64.848
24,714,a01,m02,8.1,7.554,6,48.6,45.324
24,715,a01,m02,7.8,7.554,295,2301,2228.43
24,716,a10,m04,5.856,6.078,8,46.848,48.624
24,717,a12,m08,4.35,4.56,10,43.5,45.6
24,718,a06,m02,3.372,3.378,66,222.552,222.948
24,719,a14,m01,2.91,2.682,394,1146.54,1056.708
24,720,a14,m04,2.802,2.682,195,546.39,522.99
24,721,a16,m02,1.452,1.458,293,425.436,427.194
24,722,a01,m02,8.1,7.554,72,583.2,543.888
24,723,a09,m02,6.24,5.85,12,74.88,70.2
24,724,a10,m06,6,6.078,12,72,72.936
24,725,a04,m04,3.954,3.906,53,209.562,207.018
24,726,a04,m04,3.936,3.906,180,708.48,703.08
25,727,a09,m05,6.288,5.85,52,326.976,304.2
25,728,a09,m05,6.288,5.85,122,767.136,713.7
25,729,a10,m02,6.168,6.078,54,333.072,328.212
25,730,a12,m08,4.53,4.56,32,144.96,145.92
25,731,a04,m04,3.936,3.906,10,39.36,39.06
25,732,a06,m01,3.444,3.378,18,61.992,60.804
25,733,a19,m01,1.422,1.422,2091,2973.402,2973.402
25,734,a09,m04,6.42,5.85,118,757.56,690.3
25,735,a12,m03,4.5,4.56,148,666,674.88
25,736,a04,m04,3.936,3.906,30,118.08,117.18
25,737,a01,m06,7.68,7.554,87,668.16,657.198
25,738,a10,m01,6.24,6.078,76,474.24,461.928
25,739,a09,m06,6.24,5.85,188,1173.12,1099.8
25,740,a04,m03,4.14,3.906,190,786.6,742.14
25,741,a13,m03,3.96,3.81,303,1199.88,1154.43
25,742,a08,m02,2.49,2.244,206,512.94,462.264
25,743,a18,m06,2.28,2.316,66,150.48,152.856
25,744,a18,m02,2.28,2.316,89,202.92,206.124
25,745,a17,m05,2.16,2.13,27,58.32,57.51
25,746,a01,m02,7.92,7.554,79,625.68,596.766
25,747,a01,m06,7.8,7.554,16,124.8,120.864
25,748,a02,m04,7.26,6.96,61,442.86,424.56
25,749,a09,m02,6.3,5.85,54,340.2,315.9
25,750,a13,m03,4.02,3.81,26,104.52,99.06
25,751,a05,m07,3.84,3.774,178,683.52,671.772
25,752,a06,m02,3.468,3.378,28,97.104,94.584
25,753,a17,m03,2.16,2.13,25,54,53.25
25,754,a02,m04,7.38,6.96,76,560.88,528.96
25,755,a09,m06,6.24,5.85,211,1316.64,1234.35
25,756,a03,m04,6.18,5.382,9,55.62,48.438
25,757,a03,m09,5.82,5.382,81,471.42,435.942
25,758,a03,m07,5.76,5.382,97,558.72,522.054
25,759,a11,m02,4.41,4.26,172,758.52,732.72
25,760,a05,m02,3.51,3.774,20,70.2,75.48
25,761,a06,m01,3.48,3.378,28,97.44,94.584
25,762,a06,m03,3.3,3.378,52,171.6,175.656
25,763,a14,m04,2.76,2.682,492,1357.92,1319.544
25,764,a15,m01,2.7,2.436,38,102.6,92.568
25,765,a17,m03,2.148,2.13,40,85.92,85.2
25,766,a20,m01,1.86,1.806,130,241.8,234.78
25,767,a03,m06,5.82,5.382,240,1396.8,1291.68
26,768,a01,m06,7.62,7.554,70,533.4,528.78
26,769,a03,m09,5.82,5.382,21,122.22,113.022
26,770,a12,m09,4.29,4.56,652,2797.08,2973.12
26,771,a05,m04,3.6,3.774,24,86.4,90.576
26,772,a06,m02,3.42,3.378,174,595.08,587.772
26,773,a17,m02,2.34,2.13,90,210.6,191.7
26,774,a09,m06,6.3,5.85,5,31.5,29.25
26,775,a09,m05,6.3,5.85,18,113.4,105.3
26,776,a14,m01,2.94,2.682,525,1543.5,1408.05
26,777,a15,m03,2.58,2.436,127,327.66,309.372
26,778,a16,m02,1.5,1.458,496,744,723.168
26,779,a09,m04,6.42,5.85,4,25.68,23.4
26,780,a20,m06,1.8,1.806,46,82.8,83.076
26,781,a02,m03,7.38,6.96,120,885.6,835.2
26,782,a09,m02,6.18,5.85,7,43.26,40.95
26,783,a10,m05,5.94,6.078,245,1455.3,1489.11
26,784,a13,m02,3.81,3.81,301,1146.81,1146.81
26,785,a06,m01,3.42,3.378,33,112.86,111.474
26,786,a08,m02,2.46,2.244,126,309.96,282.744
26,787,a02,m03,7.38,6.96,20,147.6,139.2
26,788,a09,m04,6.36,5.85,124,788.64,725.4
26,789,a03,m05,5.76,5.382,94,541.44,505.908
26,790,a04,m03,4.128,3.906,298,1230.144,1163.988
26,791,a05,m02,3.51,3.774,43,150.93,162.282
26,792,a05,m05,3.486,3.774,12,41.832,45.288
26,793,a05,m04,3.48,3.774,20,69.6,75.48
26,794,a06,m01,3.324,3.378,81,269.244,273.618
26,795,a06,m03,3.24,3.378,40,129.6,135.12
26,796,a18,m02,2.28,2.316,44,100.32,101.904
26,797,a17,m02,2.28,2.13,163,371.64,347.19
26,798,a09,m05,6.36,5.85,5,31.8,29.25
26,799,a12,m03,4.56,4.56,469,2138.64,2138.64
26,800,a19,m01,1.434,1.422,1585,2272.89,2253.87
27,801,a01,m06,7.734,7.554,61,471.774,460.794
27,802,a02,m07,6.84,6.96,16,109.44,111.36
27,803,a09,m05,6.318,5.85,318,2009.124,1860.3
27,804,a03,m07,5.85,5.382,111,649.35,597.402
27,805,a11,m02,4.434,4.26,122,540.948,519.72
27,806,a05,m04,3.6,3.774,121,435.6,456.654
27,807,a18,m05,2.334,2.316,209,487.806,484.044
27,808,a20,m06,1.74,1.806,35,60.9,63.21
27,809,a19,m01,1.452,1.422,216,313.632,307.152
27,810,a18,m05,2.4,2.316,120,288,277.92
27,811,a07,m02,2.274,2.226,574,1305.276,1277.724
27,812,a20,m02,1.86,1.806,80,148.8,144.48
27,813,a20,m01,1.818,1.806,470,854.46,848.82
27,814,a16,m02,1.434,1.458,352,504.768,513.216
27,815,a02,m03,7.422,6.96,13,96.486,90.48
27,816,a02,m04,7.26,6.96,13,94.38,90.48
27,817,a10,m01,6.258,6.078,127,794.766,771.906
27,818,a03,m03,6,5.382,382,2292,2055.924
27,819,a12,m09,4.56,4.56,21,95.76,95.76
27,820,a05,m06,3.468,3.774,162,561.816,611.388
27,821,a14,m01,2.97,2.682,395,1173.15,1059.39
27,822,a20,m01,1.818,1.806,1235,2245.23,2230.41
27,823,a02,m03,7.44,6.96,40,297.6,278.4
27,824,a12,m09,4.56,4.56,42,191.52,191.52
27,825,a04,m04,4.002,3.906,716,2865.432,2796.696
27,826,a13,m03,3.99,3.81,337,1344.63,1283.97
27,827,a06,m01,3.318,3.378,188,623.784,635.064
27,828,a15,m04,2.526,2.436,19,47.994,46.284
27,829,a02,m03,7.44,6.96,35,260.4,243.6
27,830,a12,m03,4.602,4.56,429,1974.258,1956.24
27,831,a12,m06,4.56,4.56,21,95.76,95.76
27,832,a12,m08,4.38,4.56,26,113.88,118.56
27,833,a13,m04,3.84,3.81,29,111.36,110.49
27,834,a15,m01,2.58,2.436,46,118.68,112.056
27,835,a18,m05,2.322,2.316,233,541.026,539.628
27,836,a17,m05,2.16,2.13,181,390.96,385.53
27,837,a12,m03,4.62,4.56,164,757.68,747.84
27,838,a15,m03,2.58,2.436,191,492.78,465.276
28,839,a12,m03,4.59,4.56,100,459,456
28,840,a17,m02,2.328,2.13,41,95.448,87.33
28,841,a09,m04,6.72,5.85,15,100.8,87.75
28,842,a09,m06,6.24,5.85,20,124.8,117
28,843,a11,m02,4.512,4.26,80,360.96,340.8
28,844,a05,m04,3.654,3.774,249,909.846,939.726
28,845,a06,m02,3.51,3.378,94,329.94,317.532
28,846,a15,m02,2.544,2.436,131,333.264,319.116
28,847,a08,m03,2.34,2.244,174,407.16,390.456
28,848,a17,m03,2.16,2.13,141,304.56,300.33
28,849,a07,m07,1.968,2.226,95,186.96,211.47
28,850,a03,m04,6.102,5.382,33,201.366,177.606
28,851,a15,m02,2.574,2.436,33,84.942,80.388
28,852,a16,m01,1.572,1.458,480,754.56,699.84
28,853,a02,m04,7.32,6.96,168,1229.76,1169.28
28,854,a02,m07,7.2,6.96,8,57.6,55.68
28,855,a09,m05,6.48,5.85,6,38.88,35.1
28,856,a03,m04,6.102,5.382,103,628.506,554.346
28,857,a11,m02,4.494,4.26,69,310.086,293.94
28,858,a14,m01,2.97,2.682,384,1140.48,1029.888
28,859,a15,m05,2.544,2.436,24,61.056,58.464
28,860,a09,m05,6.42,5.85,11,70.62,64.35
28,861,a03,m05,5.844,5.382,73,426.612,392.886
28,862,a08,m02,2.502,2.244,63,157.626,141.372
28,863,a07,m02,2.358,2.226,435,1025.73,968.31
28,864,a17,m05,2.208,2.13,109,240.672,232.17
28,865,a12,m08,4.5,4.56,335,1507.5,1527.6
28,866,a12,m08,4.5,4.56,449,2020.5,2047.44
29,867,a09,m05,6.402,5.85,10,64.02,58.5
29,868,a10,m01,6.246,6.078,18,112.428,109.404
29,869,a03,m03,6,5.382,13,78,69.966
29,870,a05,m02,3.57,3.774,57,203.49,215.118
29,871,a14,m01,3,2.682,169,507,453.258
29,872,a10,m01,6.246,6.078,10,62.46,60.78
29,873,a03,m06,5.862,5.382,128,750.336,688.896
29,874,a03,m06,5.82,5.382,20,116.4,107.64
29,875,a05,m02,3.528,3.774,44,155.232,166.056
29,876,a05,m02,3.42,3.774,112,383.04,422.688
29,877,a15,m03,2.55,2.436,139,354.45,338.604
29,878,a10,m02,6.24,6.078,121,755.04,735.438
29,879,a06,m02,3.6,3.378,18,64.8,60.804
29,880,a14,m01,3,2.682,116,348,311.112
29,881,a14,m04,2.856,2.682,286,816.816,767.052
29,882,a18,m02,2.28,2.316,100,228,231.6
29,883,a20,m02,1.98,1.806,232,459.36,418.992
29,884,a20,m01,1.98,1.806,304,601.92,549.024
29,885,a20,m03,1.8,1.806,848,1526.4,1531.488
29,886,a20,m02,1.752,1.806,549,961.848,991.494
29,887,a11,m02,4.5,4.26,97,436.5,413.22
29,888,a20,m03,1.8,1.806,883,1589.4,1594.698
29,889,a19,m01,1.44,1.422,2624,3778.56,3731.328
29,890,a19,m01,1.41,1.422,322,454.02,457.884
29,891,a03,m05,5.88,5.382,25,147,134.55
29,892,a03,m06,5.85,5.382,102,596.7,548.964
29,893,a12,m03,4.686,4.56,199,932.514,907.44
29,894,a13,m06,3.6,3.81,13,46.8,49.53
29,895,a06,m03,3.312,3.378,372,1232.064,1256.616
29,896,a13,m03,4.062,3.81,85,345.27,323.85
30,897,a01,m06,7.632,7.554,86,656.352,649.644
30,898,a12,m08,4.632,4.56,16,74.112,72.96
30,899,a04,m03,4.158,3.906,76,316.008,296.856
30,900,a04,m04,4.068,3.906,79,321.372,308.574
30,901,a13,m03,4.062,3.81,117,475.254,445.77
30,902,a13,m03,4.044,3.81,41,165.804,156.21
30,903,a06,m03,3.264,3.378,230,750.72,776.94
30,904,a15,m02,2.55,2.436,171,436.05,416.556
30,905,a16,m01,1.5,1.458,389,583.5,567.162
30,906,a02,m05,6.99,6.96,4,27.96,27.84
30,907,a02,m07,6.912,6.96,162,1119.744,1127.52
30,908,a12,m03,4.74,4.56,250,1185,1140
30,909,a12,m03,4.71,4.56,10,47.1,45.6
30,910,a05,m04,3.708,3.774,139,515.412,524.586
30,911,a05,m02,3.45,3.774,9,31.05,33.966
30,912,a17,m02,2.31,2.13,165,381.15,351.45
30,913,a12,m06,4.614,4.56,356,1642.584,1623.36
30,914,a11,m02,4.56,4.26,47,214.32,200.22
30,915,a18,m05,2.34,2.316,539,1261.26,1248.324
30,916,a18,m02,2.28,2.316,14,31.92,32.424
30,917,a16,m01,1.554,1.458,122,189.588,177.876
30,918,a01,m02,7.998,7.554,207,1655.586,1563.678
30,919,a10,m01,6.354,6.078,118,749.772,717.204
30,920,a12,m06,4.656,4.56,14,65.184,63.84
30,921,a12,m06,4.614,4.56,105,484.47,478.8
30,922,a17,m03,2.184,2.13,304,663.936,647.52
30,923,a10,m01,6.354,6.078,33,209.682,200.574
30,924,a03,m05,5.934,5.382,26,154.284,139.932
30,925,a04,m03,4.266,3.906,27,115.182,105.462
30,926,a05,m06,3.492,3.774,194,677.448,732.156
30,927,a14,m04,2.844,2.682,28,79.632,75.096
30,928,a15,m03,2.658,2.436,58,154.164,141.288
30,929,a08,m02,2.496,2.244,168,419.328,376.992
30,930,a20,m02,1.758,1.806,910,1599.78,1643.46
30,931,a12,m08,4.56,4.56,24,109.44,109.44
30,932,a14,m04,2.844,2.682,27,76.788,72.414
31,933,a10,m01,6.366,6.078,75,477.45,455.85
31,934,a03,m07,6.162,5.382,113,696.306,608.166
31,935,a03,m09,5.82,5.382,196,1140.72,1054.872
31,936,a13,m03,4.08,3.81,134,546.72,510.54
31,937,a15,m02,2.58,2.436,55,141.9,133.98
31,938,a15,m04,2.568,2.436,22,56.496,53.592
31,939,a08,m02,2.55,2.244,26,66.3,58.344
31,940,a07,m02,2.382,2.226,286,681.252,636.636
31,941,a18,m05,2.352,2.316,298,700.896,690.168
31,942,a07,m02,2.298,2.226,247,567.606,549.822
31,943,a20,m01,1.908,1.806,609,1161.972,1099.854
31,944,a20,m03,1.812,1.806,470,851.64,848.82
31,945,a04,m04,4.158,3.906,189,785.862,738.234
31,946,a04,m04,4.122,3.906,66,272.052,257.796
31,947,a06,m03,3.3,3.378,240,792,810.72
31,948,a14,m04,2.856,2.682,220,628.32,590.04
31,949,a08,m03,2.34,2.244,572,1338.48,1283.568
31,950,a17,m05,2.22,2.13,212,470.64,451.56
31,951,a17,m04,2.178,2.13,15,32.67,31.95
31,952,a20,m03,1.812,1.806,688,1246.656,1242.528
31,953,a20,m05,1.764,1.806,263,463.932,474.978
31,954,a01,m05,7.758,7.554,47,364.626,355.038
31,955,a11,m02,4.566,4.26,92,420.072,391.92
31,956,a15,m03,2.652,2.436,32,84.864,77.952
31,957,a17,m02,2.346,2.13,116,272.136,247.08
31,958,a20,m05,1.764,1.806,157,276.948,283.542
31,959,a16,m01,1.554,1.458,450,699.3,656.1
31,960,a10,m02,6.3,6.078,4,25.2,24.312
31,961,a01,m05,7.758,7.554,25,193.95,188.85
31,962,a02,m04,7.362,6.96,63,463.806,438.48
31,963,a03,m06,6.078,5.382,6,36.468,32.292
31,964,a03,m01,5.748,5.382,9,51.732,48.438
31,965,a12,m09,4.494,4.56,11,49.434,50.16
31,966,a05,m05,3.51,3.774,89,312.39,335.886
31,967,a15,m03,2.652,2.436,304,806.208,740.544
31,968,a20,m04,1.728,1.806,118,203.904,213.108
31,969,a03,m09,5.988,5.382,47,281.436,252.954
31,970,a12,m03,4.746,4.56,155,735.63,706.8
31,971,a05,m04,3.66,3.774,100,366,377.4
32,972,a03,m03,6.114,5.382,9,55.026,48.438
32,973,a10,m04,5.946,6.078,14,83.244,85.092
32,974,a12,m03,4.716,4.56,67,315.972,305.52
32,975,a12,m03,4.698,4.56,417,1959.066,1901.52
32,976,a13,m04,3.87,3.81,562,2174.94,2141.22
32,977,a18,m02,2.31,2.316,15,34.65,34.74
32,978,a03,m04,6.228,5.382,16,99.648,86.112
32,979,a10,m05,6,6.078,24,144,145.872
32,980,a14,m04,2.88,2.682,98,282.24,262.836
32,981,a08,m03,2.358,2.244,506,1193.148,1135.464
32,982,a18,m06,2.286,2.316,501,1145.286,1160.316
32,983,a07,m03,2.178,2.226,485,1056.33,1079.61
32,984,a03,m07,5.982,5.382,152,909.264,818.064
32,985,a13,m03,4.146,3.81,92,381.432,350.52
32,986,a17,m04,2.22,2.13,216,479.52,460.08
32,987,a02,m07,6.942,6.96,7,48.594,48.72
32,988,a10,m02,6.204,6.078,21,130.284,127.638
32,989,a13,m03,4.038,3.81,36,145.368,137.16
32,990,a05,m06,3.54,3.774,247,874.38,932.178
32,991,a06,m03,3.342,3.378,262,875.604,885.036
32,992,a15,m07,2.4,2.436,12,28.8,29.232
32,993,a12,m06,4.65,4.56,40,186,182.4
32,994,a17,m05,2.22,2.13,456,1012.32,971.28
33,995,a02,m04,7.404,6.96,192,1421.568,1336.32
33,996,a10,m08,6.354,6.078,43,273.222,261.354
33,997,a03,m01,5.55,5.382,35,194.25,188.37
33,998,a11,m02,4.584,4.26,8,36.672,34.08
33,999,a13,m02,3.966,3.81,10,39.66,38.1
33,1000,a13,m02,3.96,3.81,151,597.96,575.31
33,1001,a15,m05,2.58,2.436,106,273.48,258.216
33,1002,a15,m06,2.304,2.436,73,168.192,177.828
33,1003,a01,m06,7.536,7.554,130,979.68,982.02
33,1004,a10,m08,6.354,6.078,53,336.762,322.134
33,1005,a12,m09,4.68,4.56,9,42.12,41.04
33,1006,a11,m02,4.56,4.26,60,273.6,255.6
33,1007,a13,m05,3.846,3.81,10,38.46,38.1
33,1008,a14,m04,2.82,2.682,569,1604.58,1526.058
33,1009,a16,m01,1.56,1.458,309,482.04,450.522
33,1010,a03,m01,5.1,5.382,243,1239.3,1307.826
33,1011,a06,m02,3.6,3.378,63,226.8,212.814
33,1012,a08,m03,2.388,2.244,297,709.236,666.468
33,1013,a17,m03,2.178,2.13,418,910.404,890.34
33,1014,a07,m06,1.98,2.226,677,1340.46,1507.002
33,1015,a12,m06,4.794,4.56,25,119.85,114
33,1016,a12,m08,4.632,4.56,15,69.48,68.4
33,1017,a11,m02,4.584,4.26,71,325.464,302.46
33,1018,a08,m03,2.412,2.244,178,429.336,399.432
33,1019,a07,m07,2.016,2.226,135,272.16,300.51
33,1020,a10,m05,6.072,6.078,18,109.296,109.404
33,1021,a09,m07,5.706,5.85,65,370.89,380.25
33,1022,a12,m03,4.986,4.56,9,44.874,41.04
33,1023,a13,m06,3.69,3.81,645,2380.05,2457.45
33,1024,a10,m01,6.42,6.078,90,577.8,547.02
33,1025,a09,m07,5.706,5.85,44,251.064,257.4
33,1026,a04,m04,4.14,3.906,107,442.98,417.942
33,1027,a13,m04,3.87,3.81,9,34.83,34.29
33,1028,a18,m05,2.34,2.316,38,88.92,88.008
34,1029,a02,m05,6.996,6.96,51,356.796,354.96
34,1030,a10,m01,6.408,6.078,5,32.04,30.39
34,1031,a03,m09,5.988,5.382,26,155.688,139.932
34,1032,a03,m07,5.988,5.382,68,407.184,365.976
34,1033,a04,m04,4.14,3.906,315,1304.1,1230.39
34,1034,a11,m03,3.93,4.26,160,628.8,681.6
34,1035,a05,m04,3.798,3.774,211,801.378,796.314
34,1036,a05,m05,3.696,3.774,12,44.352,45.288
34,1037,a18,m05,2.322,2.316,467,1084.374,1081.572
34,1038,a16,m01,1.56,1.458,313,488.28,456.354
34,1039,a01,m02,8.028,7.554,29,232.812,219.066
34,1040,a02,m04,7.38,6.96,117,863.46,814.32
34,1041,a02,m07,6.87,6.96,53,364.11,368.88
34,1042,a03,m03,6.276,5.382,7,43.932,37.674
34,1043,a12,m03,4.686,4.56,9,42.174,41.04
34,1044,a12,m08,4.656,4.56,11,51.216,50.16
34,1045,a13,m04,4.008,3.81,297,1190.376,1131.57
34,1046,a14,m06,2.628,2.682,204,536.112,547.128
34,1047,a18,m05,2.322,2.316,27,62.694,62.532
34,1048,a01,m02,7.98,7.554,137,1093.26,1034.898
34,1049,a03,m09,6,5.382,102,612,548.964
34,1050,a06,m02,3.51,3.378,325,1140.75,1097.85
34,1051,a18,m05,2.376,2.316,101,239.976,233.916
34,1052,a07,m04,2.154,2.226,639,1376.406,1422.414
34,1053,a12,m03,4.92,4.56,12,59.04,54.72
34,1054,a12,m03,4.8,4.56,102,489.6,465.12
34,1055,a13,m04,3.966,3.81,236,935.976,899.16
34,1056,a13,m04,3.96,3.81,142,562.32,541.02
34,1057,a15,m03,2.7,2.436,82,221.4,199.752
34,1058,a12,m03,4.65,4.56,81,376.65,369.36
34,1059,a13,m04,3.87,3.81,34,131.58,129.54
34,1060,a18,m05,2.394,2.316,157,375.858,363.612
35,1061,a12,m03,4.8,4.56,501,2404.8,2284.56
35,1062,a12,m03,4.65,4.56,161,748.65,734.16
35,1063,a14,m06,2.628,2.682,20,52.56,53.64
35,1064,a18,m05,2.394,2.316,127,304.038,294.132
35,1065,a17,m05,2.244,2.13,227,509.388,483.51
35,1066,a20,m01,1.92,1.806,440,844.8,794.64
35,1067,a10,m04,5.88,6.078,90,529.2,547.02
35,1068,a11,m03,3.966,4.26,101,400.566,430.26
35,1069,a06,m03,3.42,3.378,86,294.12,290.508
35,1070,a14,m04,2.88,2.682,163,469.44,437.166
35,1071,a15,m07,2.472,2.436,311,768.792,757.596
35,1072,a08,m03,2.46,2.244,150,369,336.6
35,1073,a20,m03,1.8,1.806,250,450,451.5
35,1074,a16,m02,1.428,1.458,174,248.472,253.692
35,1075,a03,m06,6.096,5.382,12,73.152,64.584
35,1076,a12,m03,4.854,4.56,187,907.698,852.72
35,1077,a14,m04,2.856,2.682,198,565.488,531.036
35,1078,a14,m06,2.592,2.682,338,876.096,906.516
35,1079,a18,m06,2.286,2.316,71,162.306,164.436
35,1080,a20,m03,1.836,1.806,149,273.564,269.094
35,1081,a01,m05,7.608,7.554,88,669.504,664.752
35,1082,a02,m07,7.008,6.96,99,693.792,689.04
35,1083,a03,m10,5.058,5.382,19,96.102,102.258
35,1084,a12,m06,4.77,4.56,64,305.28,291.84
35,1085,a05,m02,3.786,3.774,118,446.748,445.332
35,1086,a07,m05,2.118,2.226,219,463.842,487.494
35,1087,a03,m09,6.018,5.382,39,234.702,209.898
35,1088,a03,m09,6,5.382,71,426,382.122
35,1089,a12,m08,4.608,4.56,14,64.512,63.84
35,1090,a05,m02,3.51,3.774,130,456.3,490.62
36,1091,a12,m03,4.842,4.56,85,411.57,387.6
36,1092,a12,m09,4.818,4.56,12,57.816,54.72
36,1093,a15,m02,2.58,2.436,185,477.3,450.66
36,1094,a07,m05,2.1,2.226,310,651,690.06
36,1095,a20,m03,1.86,1.806,779,1448.94,1406.874
36,1096,a09,m07,5.64,5.85,86,485.04,503.1
36,1097,a09,m07,5.64,5.85,125,705,731.25
36,1098,a04,m04,4.2,3.906,112,470.4,437.472
36,1099,a06,m03,3.36,3.378,178,598.08,601.284
36,1100,a14,m04,2.898,2.682,72,208.656,193.104
36,1101,a15,m02,2.58,2.436,113,291.54,275.268
36,1102,a18,m06,2.286,2.316,124,283.464,287.184
36,1103,a07,m02,2.268,2.226,329,746.172,732.354
36,1104,a01,m05,7.86,7.554,7,55.02,52.878
36,1105,a01,m06,7.56,7.554,85,642.6,642.09
36,1106,a10,m08,6.042,6.078,79,477.318,480.162
36,1107,a03,m10,5.07,5.382,56,283.92,301.392
36,1108,a12,m06,4.65,4.56,124,576.6,565.44
36,1109,a04,m04,4.242,3.906,67,284.214,261.702
36,1110,a17,m02,2.28,2.13,308,702.24,656.04
36,1111,a03,m10,5.07,5.382,317,1607.19,1706.094
36,1112,a12,m08,4.794,4.56,13,62.322,59.28
36,1113,a12,m06,4.794,4.56,509,2440.146,2321.04
36,1114,a14,m06,2.592,2.682,76,196.992,203.832
36,1115,a08,m03,2.394,2.244,251,600.894,563.244
36,1116,a20,m02,1.8,1.806,290,522,523.74
36,1117,a12,m09,4.74,4.56,20,94.8,91.2
36,1118,a11,m02,4.56,4.26,16,72.96,68.16
36,1119,a15,m03,2.682,2.436,125,335.25,304.5
36,1120,a15,m03,2.682,2.436,153,410.346,372.708
36,1121,a14,m06,2.592,2.682,548,1420.416,1469.736
36,1122,a16,m02,1.44,1.458,64,92.16,93.312
36,1123,a13,m06,3.702,3.81,14,51.828,53.34
36,1124,a05,m05,3.564,3.774,11,39.204,41.514
36,1125,a16,m02,1.44,1.458,207,298.08,301.806
37,1126,a03,m09,6.12,5.382,129,789.48,694.278
37,1127,a12,m06,4.794,4.56,18,86.292,82.08
37,1128,a12,m09,4.5,4.56,14,63,63.84
37,1129,a13,m04,4.08,3.81,190,775.2,723.9
37,1130,a05,m02,3.918,3.774,171,669.978,645.354
37,1131,a11,m03,4.08,4.26,57,232.56,242.82
37,1132,a03,m07,5.928,5.382,24,142.272,129.168
37,1133,a12,m06,4.89,4.56,13,63.57,59.28
37,1134,a14,m06,2.622,2.682,458,1200.876,1228.356
37,1135,a06,m02,3.66,3.378,16,58.56,54.048
37,1136,a10,m05,6.12,6.078,10,61.2,60.78
37,1137,a02,m07,7.056,6.96,282,1989.792,1962.72
37,1138,a11,m03,3.978,4.26,60,238.68,255.6
37,1139,a03,m10,5.136,5.382,93,477.648,500.526
37,1140,a12,m09,4.5,4.56,9,40.5,41.04
37,1141,a06,m03,3.342,3.378,191,638.322,645.198
37,1142,a04,m04,4.254,3.906,160,680.64,624.96
37,1143,a05,m05,3.54,3.774,227,803.58,856.698
37,1144,a12,m06,4.95,4.56,49,242.55,223.44
37,1145,a12,m09,4.5,4.56,11,49.5,50.16
37,1146,a18,m05,2.4,2.316,269,645.6,623.004
37,1147,a08,m03,2.454,2.244,27,66.258,60.588
37,1148,a17,m02,2.28,2.13,212,483.36,451.56
37,1149,a01,m06,7.632,7.554,15,114.48,113.31
37,1150,a12,m10,4.11,4.56,44,180.84,200.64
37,1151,a10,m05,6.126,6.078,8,49.008,48.624
37,1152,a08,m03,2.436,2.244,67,163.212,150.348
37,1153,a17,m05,2.22,2.13,32,71.04,68.16
37,1154,a20,m01,1.878,1.806,925,1737.15,1670.55
37,1155,a20,m05,1.686,1.806,62,104.532,111.972
37,1156,a03,m06,6.204,5.382,7,43.428,37.674
37,1157,a12,m10,4.11,4.56,17,69.87,77.52
37,1158,a10,m02,6.282,6.078,165,1036.53,1002.87
37,1159,a08,m03,2.4,2.244,129,309.6,289.476
37,1160,a11,m02,4.632,4.26,66,305.712,281.16
38,1161,a01,m06,7.632,7.554,27,206.064,203.958
38,1162,a11,m02,4.68,4.26,38,177.84,161.88
38,1163,a11,m02,4.632,4.26,140,648.48,596.4
38,1164,a15,m04,2.562,2.436,48,122.976,116.928
38,1165,a08,m03,2.49,2.244,82,204.18,184.008
38,1166,a07,m04,2.13,2.226,825,1757.25,1836.45
38,1167,a20,m01,1.878,1.806,152,285.456,274.512
38,1168,a19,m01,1.44,1.422,174,250.56,247.428
38,1169,a12,m10,4.2,4.56,479,2011.8,2184.24
38,1170,a07,m02,2.34,2.226,560,1310.4,1246.56
38,1171,a07,m02,2.31,2.226,68,157.08,151.368
38,1172,a19,m01,1.44,1.422,1151,1657.44,1636.722
38,1173,a03,m09,6.036,5.382,20,120.72,107.64
38,1174,a03,m10,5.214,5.382,10,52.14,53.82
38,1175,a12,m10,4.2,4.56,220,924,1003.2
38,1176,a06,m04,3.15,3.378,30,94.5,101.34
38,1177,a14,m04,2.94,2.682,318,934.92,852.876
38,1178,a15,m07,2.472,2.436,55,135.96,133.98
38,1179,a07,m02,2.34,2.226,390,912.6,868.14
38,1180,a03,m07,6,5.382,85,510,457.47
38,1181,a04,m04,4.2,3.906,162,680.4,632.772
38,1182,a13,m04,3.786,3.81,95,359.67,361.95
38,1183,a05,m04,3.72,3.774,257,956.04,969.918
38,1184,a01,m06,7.68,7.554,98,752.64,740.292
38,1185,a02,m07,7.08,6.96,5,35.4,34.8
38,1186,a10,m06,5.994,6.078,7,41.958,42.546
38,1187,a09,m07,5.67,5.85,16,90.72,93.6
38,1188,a13,m04,3.99,3.81,113,450.87,430.53
38,1189,a13,m06,3.6,3.81,71,255.6,270.51
38,1190,a06,m04,3.228,3.378,13,41.964,43.914
38,1191,a06,m05,3.21,3.378,19,60.99,64.182
38,1192,a15,m03,2.676,2.436,16,42.816,38.976
38,1193,a08,m03,2.454,2.244,316,775.464,709.104
38,1194,a18,m05,2.34,2.316,197,460.98,456.252
38,1195,a16,m01,1.56,1.458,450,702,656.1
38,1196,a19,m01,1.476,1.422,214,315.864,304.308
38,1197,a10,m06,5.994,6.078,165,989.01,1002.87
39,1198,a02,m04,7.5,6.96,109,817.5,758.64
39,1199,a03,m09,6.126,5.382,54,330.804,290.628
39,1200,a10,m06,6,6.078,26,156,158.028
39,1201,a13,m04,4.062,3.81,173,702.726,659.13
39,1202,a13,m06,3.6,3.81,429,1544.4,1634.49
39,1203,a06,m03,3.39,3.378,40,135.6,135.12
39,1204,a06,m06,3.36,3.378,13,43.68,43.914
39,1205,a17,m05,2.322,2.13,34,78.948,72.42
39,1206,a17,m05,2.28,2.13,121,275.88,257.73
39,1207,a17,m02,2.28,2.13,290,661.2,617.7
39,1208,a03,m07,6.084,5.382,69,419.796,371.358
39,1209,a03,m10,5.34,5.382,98,523.32,527.436
39,1210,a08,m03,2.46,2.244,151,371.46,338.844
39,1211,a18,m05,2.43,2.316,401,974.43,928.716
39,1212,a18,m05,2.4,2.316,12,28.8,27.792
39,1213,a08,m02,2.4,2.244,14,33.6,31.416
39,1214,a17,m02,2.28,2.13,231,526.68,492.03
39,1215,a03,m10,5.34,5.382,155,827.7,834.21
39,1216,a11,m03,3.966,4.26,76,301.416,323.76
39,1217,a05,m04,3.69,3.774,23,84.87,86.802
39,1218,a05,m04,3.648,3.774,240,875.52,905.76
39,1219,a14,m06,2.64,2.682,337,889.68,903.834
39,1220,a08,m03,2.46,2.244,18,44.28,40.392
39,1221,a08,m02,2.424,2.244,14,33.936,31.416
39,1222,a11,m02,4.632,4.26,37,171.384,157.62
39,1223,a06,m03,3.42,3.378,24,82.08,81.072
39,1224,a06,m03,3.42,3.378,165,564.3,557.37
39,1225,a06,m06,3.264,3.378,25,81.6,84.45
39,1226,a16,m01,1.584,1.458,148,234.432,215.784
39,1227,a01,m05,7.836,7.554,17,133.212,128.418
39,1228,a09,m07,5.706,5.85,8,45.648,46.8
39,1229,a04,m04,4.32,3.906,148,639.36,578.088
39,1230,a11,m03,3.99,4.26,17,67.83,72.42
39,1231,a18,m05,2.424,2.316,60,145.44,138.96
39,1232,a17,m05,2.304,2.13,18,41.472,38.34
39,1233,a01,m02,8.22,7.554,54,443.88,407.916
39,1234,a02,m07,7.05,6.96,152,1071.6,1057.92
40,1235,a01,m02,8.004,7.554,6,48.024,45.324
40,1236,a01,m02,7.98,7.554,115,917.7,868.71
40,1237,a02,m07,6.96,6.96,21,146.16,146.16
40,1238,a03,m09,6.24,5.382,6,37.44,32.292
40,1239,a09,m07,6.024,5.85,89,536.136,520.65
40,1240,a20,m01,1.914,1.806,275,526.35,496.65
40,1241,a20,m04,1.83,1.806,52,95.16,93.912
40,1242,a01,m02,8.16,7.554,23,187.68,173.742
40,1243,a03,m10,5.4,5.382,163,880.2,877.266
40,1244,a07,m03,2.22,2.226,225,499.5,500.85
40,1245,a20,m03,1.92,1.806,426,817.92,769.356
40,1246,a03,m07,6.048,5.382,46,278.208,247.572
40,1247,a11,m03,3.966,4.26,145,575.07,617.7
40,1248,a05,m06,3.456,3.774,28,96.768,105.672
40,1249,a07,m05,2.136,2.226,984,2101.824,2190.384
40,1250,a20,m03,1.83,1.806,700,1281,1264.2
40,1251,a16,m02,1.56,1.458,218,340.08,317.844
40,1252,a03,m09,6.24,5.382,46,287.04,247.572
40,1253,a12,m10,4.23,4.56,176,744.48,802.56
40,1254,a05,m06,3.456,3.774,50,172.8,188.7
40,1255,a14,m04,2.94,2.682,74,217.56,198.468
40,1256,a20,m03,1.83,1.806,18,32.94,32.508
40,1257,a02,m04,7.44,6.96,124,922.56,863.04
40,1258,a11,m02,4.482,4.26,83,372.006,353.58
40,1259,a12,m10,4.2,4.56,54,226.8,246.24
40,1260,a06,m04,3.192,3.378,51,162.792,172.278
40,1261,a14,m06,2.628,2.682,98,257.544,262.836
40,1262,a15,m02,2.604,2.436,167,434.868,406.812
40,1263,a14,m06,2.568,2.682,56,143.808,150.192
40,1264,a07,m02,2.34,2.226,59,138.06,131.334
40,1265,a17,m03,2.22,2.13,128,284.16,272.64
40,1266,a05,m05,3.564,3.774,64,228.096,241.536
41,1267,a01,m06,7.878,7.554,36,283.608,271.944
41,1268,a10,m02,6.24,6.078,5,31.2,30.39
41,1269,a10,m04,5.97,6.078,71,423.87,431.538
41,1270,a20,m02,1.8,1.806,27,48.6,48.762
41,1271,a19,m01,1.464,1.422,470,688.08,668.34
41,1272,a19,m01,1.44,1.422,2189,3152.16,3112.758
41,1273,a03,m10,5.34,5.382,120,640.8,645.84
41,1274,a11,m02,4.482,4.26,12,53.784,51.12
41,1275,a04,m04,4.26,3.906,81,345.06,316.386
41,1276,a06,m03,3.372,3.378,87,293.364,293.886
41,1277,a08,m04,2.388,2.244,258,616.104,578.952
41,1278,a18,m06,2.22,2.316,82,182.04,189.912
41,1279,a03,m10,5.334,5.382,213,1136.142,1146.366
41,1280,a15,m03,2.67,2.436,44,117.48,107.184
41,1281,a15,m04,2.58,2.436,148,381.84,360.528
41,1282,a16,m02,1.44,1.458,296,426.24,431.568
41,1283,a03,m09,6.3,5.382,12,75.6,64.584
41,1284,a03,m10,5.334,5.382,42,224.028,226.044
41,1285,a11,m03,3.99,4.26,24,95.76,102.24
41,1286,a14,m06,2.688,2.682,318,854.784,852.876
41,1287,a17,m02,2.382,2.13,180,428.76,383.4
41,1288,a05,m02,3.774,3.774,85,320.79,320.79
42,1289,a11,m03,4.05,4.26,96,388.8,408.96
42,1290,a11,m02,4.5,4.26,8,36,34.08
42,1291,a15,m02,2.64,2.436,55,145.2,133.98
42,1292,a07,m02,2.358,2.226,559,1318.122,1244.334
42,1293,a02,m04,7.476,6.96,19,142.044,132.24
42,1294,a02,m07,7.116,6.96,260,1850.16,1809.6
42,1295,a03,m10,5.4,5.382,7,37.8,37.674
42,1296,a12,m10,4.29,4.56,170,729.3,775.2
42,1297,a16,m01,1.578,1.458,64,100.992,93.312
42,1298,a16,m01,1.566,1.458,501,784.566,730.458
42,1299,a12,m10,4.356,4.56,36,156.816,164.16
42,1300,a11,m03,4.068,4.26,24,97.632,102.24
42,1301,a14,m07,2.58,2.682,276,712.08,740.232
42,1302,a08,m05,2.124,2.244,43,91.332,96.492
42,1303,a11,m03,4.08,4.26,126,514.08,536.76
43,1304,a11,m03,4.068,4.26,195,793.26,830.7
43,1305,a06,m03,3.36,3.378,38,127.68,128.364
43,1306,a06,m04,3.324,3.378,21,69.804,70.938
43,1307,a06,m06,3.228,3.378,34,109.752,114.852
43,1308,a08,m04,2.388,2.244,83,198.204,186.252
43,1309,a07,m03,2.166,2.226,57,123.462,126.882
43,1310,a03,m10,5.442,5.382,230,1251.66,1237.86
43,1311,a03,m10,5.364,5.382,272,1459.008,1463.904
43,1312,a13,m04,4.098,3.81,20,81.96,76.2
43,1313,a13,m06,3.792,3.81,22,83.424,83.82
43,1314,a06,m05,3.15,3.378,122,384.3,412.116
43,1315,a18,m05,2.442,2.316,574,1401.708,1329.384
43,1316,a07,m03,2.166,2.226,555,1202.13,1235.43
43,1317,a08,m05,2.142,2.244,48,102.816,107.712
43,1318,a17,m04,2.022,2.13,35,70.77,74.55
43,1319,a09,m07,5.82,5.85,5,29.1,29.25
43,1320,a05,m05,3.624,3.774,22,79.728,83.028
43,1321,a13,m08,3.504,3.81,243,851.472,925.83
43,1322,a13,m05,3.444,3.81,175,602.7,666.75
43,1323,a13,m07,3.294,3.81,44,144.936,167.64
43,1324,a14,m06,2.688,2.682,155,416.64,415.71
43,1325,a14,m06,2.664,2.682,33,87.912,88.506
43,1326,a14,m06,2.652,2.682,351,930.852,941.382
43,1327,a17,m02,2.46,2.13,640,1574.4,1363.2
43,1328,a08,m04,2.19,2.244,535,1171.65,1200.54
43,1329,a17,m03,2.178,2.13,26,56.628,55.38
43,1330,a17,m07,2.022,2.13,23,46.506,48.99
43,1331,a16,m01,1.578,1.458,412,650.136,600.696
43,1332,a11,m02,4.518,4.26,16,72.288,68.16
43,1333,a04,m04,4.44,3.906,39,173.16,152.334
43,1334,a13,m06,3.684,3.81,407,1499.388,1550.67
43,1335,a05,m05,3.588,3.774,86,308.568,324.564
43,1336,a14,m06,2.652,2.682,233,617.916,624.906
43,1337,a15,m02,2.64,2.436,250,660,609
43,1338,a08,m05,2.178,2.244,58,126.324,130.152
43,1339,a08,m05,2.124,2.244,79,167.796,177.276
43,1340,a12,m10,4.32,4.56,115,496.8,524.4
43,1341,a05,m04,3.768,3.774,166,625.488,626.484
43,1342,a05,m06,3.468,3.774,33,114.444,124.542
43,1343,a12,m11,4.23,4.56,18,76.14,82.08
43,1344,a06,m03,3.528,3.378,51,179.928,172.278
43,1345,a01,m06,7.248,7.554,50,362.4,377.7
43,1346,a12,m10,4.356,4.56,150,653.4,684
44,1347,a09,m07,5.838,5.85,29,169.302,169.65
44,1348,a18,m05,2.43,2.316,112,272.16,259.392
44,1349,a01,m05,7.86,7.554,5,39.3,37.77
44,1350,a10,m04,5.97,6.078,165,985.05,1002.87
44,1351,a13,m04,4.14,3.81,22,91.08,83.82
44,1352,a11,m03,4.08,4.26,312,1272.96,1329.12
44,1353,a05,m04,3.75,3.774,130,487.5,490.62
44,1354,a08,m05,2.178,2.244,90,196.02,201.96
44,1355,a01,m08,7.62,7.554,37,281.94,279.498
44,1356,a13,m07,3.66,3.81,85,311.1,323.85
44,1357,a17,m06,2.046,2.13,32,65.472,68.16
44,1358,a17,m07,2.022,2.13,46,93.012,97.98
44,1359,a20,m03,1.83,1.806,15,27.45,27.09
44,1360,a20,m02,1.83,1.806,1240,2269.2,2239.44
44,1361,a01,m08,7.62,7.554,6,45.72,45.324
44,1362,a02,m06,6.78,6.96,10,67.8,69.6
44,1363,a10,m06,6.072,6.078,7,42.504,42.546
44,1364,a05,m04,3.78,3.774,63,238.14,237.762
44,1365,a08,m05,2.214,2.244,77,170.478,172.788
44,1366,a17,m07,2.07,2.13,41,84.87,87.33
44,1367,a20,m05,1.734,1.806,125,216.75,225.75
44,1368,a16,m01,1.56,1.458,200,312,291.6
44,1369,a09,m07,5.85,5.85,9,52.65,52.65
44,1370,a03,m10,5.484,5.382,307,1683.588,1652.274
44,1371,a03,m10,5.46,5.382,16,87.36,86.112
44,1372,a11,m03,4.116,4.26,34,139.944,144.84
44,1373,a20,m06,1.83,1.806,768,1405.44,1387.008
44,1374,a02,m07,7.08,6.96,122,863.76,849.12
44,1375,a11,m03,4.092,4.26,28,114.576,119.28
44,1376,a06,m03,3.48,3.378,189,657.72,638.442
44,1377,a17,m06,2.1,2.13,70,147,149.1
44,1378,a03,m10,5.508,5.382,141,776.628,758.862
44,1379,a14,m07,2.544,2.682,12,30.528,32.184
45,1380,a13,m05,3.78,3.81,13,49.14,49.53
45,1381,a13,m07,3.702,3.81,12,44.424,45.72
45,1382,a15,m02,2.628,2.436,250,657,609
45,1383,a07,m02,2.346,2.226,318,746.028,707.868
45,1384,a18,m06,2.286,2.316,253,578.358,585.948
45,1385,a18,m06,2.268,2.316,43,97.524,99.588
45,1386,a12,m10,4.44,4.56,39,173.16,177.84
45,1387,a13,m06,3.96,3.81,25,99,95.25
45,1388,a13,m07,3.702,3.81,18,66.636,68.58
45,1389,a13,m08,3.456,3.81,70,241.92,266.7
45,1390,a07,m03,2.262,2.226,31,70.122,69.006
45,1391,a12,m10,4.44,4.56,113,501.72,515.28
45,1392,a05,m05,3.504,3.774,176,616.704,664.224
45,1393,a06,m04,3.246,3.378,24,77.904,81.072
45,1394,a14,m06,2.664,2.682,690,1838.16,1850.58
45,1395,a14,m06,2.658,2.682,11,29.238,29.502
45,1396,a15,m04,2.586,2.436,24,62.064,58.464
45,1397,a18,m05,2.478,2.316,29,71.862,67.164
45,1398,a06,m03,3.468,3.378,135,468.18,456.03
45,1399,a06,m04,3.246,3.378,222,720.612,749.916
45,1400,a14,m06,2.706,2.682,45,121.77,120.69
45,1401,a18,m05,2.43,2.316,45,109.35,104.22
45,1402,a17,m02,2.424,2.13,431,1044.744,918.03
45,1403,a16,m02,1.44,1.458,317,456.48,462.186
45,1404,a01,m02,7.98,7.554,56,446.88,423.024
45,1405,a03,m10,5.58,5.382,78,435.24,419.796
45,1406,a01,m02,8.076,7.554,15,121.14,113.31
45,1407,a03,m11,5.268,5.382,282,1485.576,1517.724
45,1408,a03,m11,5.244,5.382,30,157.32,161.46
45,1409,a03,m12,5.238,5.382,6,31.428,32.292
45,1410,a13,m08,3.558,3.81,47,167.226,179.07
46,1411,a11,m03,4.14,4.26,51,211.14,217.26
46,1412,a13,m06,3.756,3.81,27,101.412,102.87
46,1413,a13,m08,3.558,3.81,363,1291.554,1383.03
46,1414,a18,m05,2.442,2.316,72,175.824,166.752
46,1415,a08,m04,2.178,2.244,30,65.34,67.32
46,1416,a03,m12,5.292,5.382,7,37.044,37.674
46,1417,a08,m05,2.202,2.244,345,759.69,774.18
46,1418,a19,m01,1.452,1.422,1201,1743.852,1707.822
46,1419,a03,m10,5.628,5.382,342,1924.776,1840.644
46,1420,a19,m01,1.452,1.422,1630,2366.76,2317.86
46,1421,a08,m04,2.238,2.244,32,71.616,71.808
46,1422,a08,m05,2.22,2.244,20,44.4,44.88
46,1423,a16,m02,1.428,1.458,432,616.896,629.856
46,1424,a05,m06,3.522,3.774,109,383.898,411.366
46,1425,a06,m03,3.48,3.378,52,180.96,175.656
46,1426,a08,m04,2.238,2.244,24,53.712,53.856
46,1427,a10,m02,6.3,6.078,57,359.1,346.446
46,1428,a10,m02,6.3,6.078,33,207.9,200.574
46,1429,a16,m01,1.602,1.458,28,44.856,40.824
47,1430,a12,m10,4.62,4.56,20,92.4,91.2
47,1431,a06,m07,3.228,3.378,67,216.276,226.326
47,1432,a18,m05,2.478,2.316,156,386.568,361.296
47,1433,a17,m03,2.256,2.13,180,406.08,383.4
47,1434,a02,m07,7.056,6.96,15,105.84,104.4
47,1435,a03,m11,5.352,5.382,62,331.824,333.684
47,1436,a03,m12,5.304,5.382,276,1463.904,1485.432
47,1437,a05,m06,3.612,3.774,19,68.628,71.706
47,1438,a19,m01,1.482,1.422,346,512.772,492.012
47,1439,a09,m07,5.94,5.85,43,255.42,251.55
47,1440,a07,m02,2.4,2.226,586,1406.4,1304.436
47,1441,a01,m02,7.926,7.554,41,324.966,309.714
47,1442,a03,m11,5.382,5.382,8,43.056,43.056
47,1443,a12,m10,4.266,4.56,281,1198.746,1281.36
47,1444,a11,m03,4.14,4.26,125,517.5,532.5
47,1445,a05,m04,3.786,3.774,139,526.254,524.586
47,1446,a14,m06,2.718,2.682,79,214.722,211.878
47,1447,a15,m07,2.49,2.436,149,371.01,362.964
47,1448,a08,m04,2.25,2.244,29,65.25,65.076
47,1449,a10,m04,5.982,6.078,7,41.874,42.546
47,1450,a09,m07,5.94,5.85,7,41.58,40.95
47,1451,a12,m10,4.266,4.56,16,68.256,72.96
47,1452,a06,m03,3.468,3.378,45,156.06,152.01
47,1453,a16,m01,1.578,1.458,149,235.122,217.242
47,1454,a10,m08,6.06,6.078,12,72.72,72.936
47,1455,a03,m11,5.406,5.382,522,2821.932,2809.404
47,1456,a13,m05,3.816,3.81,292,1114.272,1112.52
47,1457,a13,m08,3.558,3.81,20,71.16,76.2
48,1458,a03,m12,5.37,5.382,12,64.44,64.584
48,1459,a13,m07,3.558,3.81,15,53.37,57.15
48,1460,a18,m05,2.502,2.316,50,125.1,115.8
48,1461,a08,m05,2.262,2.244,67,151.554,150.348
48,1462,a09,m07,6.03,5.85,19,114.57,111.15
48,1463,a03,m12,5.352,5.382,6,32.112,32.292
48,1464,a13,m06,3.756,3.81,14,52.584,53.34
48,1465,a13,m07,3.654,3.81,47,171.738,179.07
48,1466,a05,m04,3.648,3.774,119,434.112,449.106
48,1467,a13,m08,3.642,3.81,7,25.494,26.67
48,1468,a14,m06,2.718,2.682,29,78.822,77.778
48,1469,a18,m06,2.322,2.316,16,37.152,37.056
48,1470,a18,m06,2.31,2.316,111,256.41,257.076
48,1471,a08,m05,2.262,2.244,159,359.658,356.796
48,1472,a10,m05,6.156,6.078,41,252.396,249.198
48,1473,a09,m07,6.054,5.85,6,36.324,35.1
48,1474,a03,m11,5.454,5.382,332,1810.728,1786.824
48,1475,a03,m11,5.43,5.382,16,86.88,86.112
48,1476,a05,m04,3.738,3.774,84,313.992,317.016
48,1477,a13,m05,3.738,3.81,92,343.896,350.52
48,1478,a05,m04,3.648,3.774,129,470.592,486.846
48,1479,a06,m03,3.534,3.378,86,303.924,290.508
48,1480,a17,m03,2.274,2.13,113,256.962,240.69
48,1481,a16,m01,1.596,1.458,311,496.356,453.438
48,1482,a02,m08,6.576,6.96,77,506.352,535.92
48,1483,a15,m04,2.286,2.436,31,70.866,75.516
48,1484,a07,m05,2.118,2.226,298,631.164,663.348
48,1485,a20,m02,1.83,1.806,730,1335.9,1318.38
48,1486,a01,m02,7.932,7.554,31,245.892,234.174
48,1487,a03,m12,5.436,5.382,6,32.616,32.292
48,1488,a03,m11,5.436,5.382,88,478.368,473.616
48,1489,a10,m02,6.342,6.078,10,63.42,60.78
48,1490,a05,m05,3.54,3.774,132,467.28,498.168
48,1491,a06,m07,3.252,3.378,79,256.908,266.862
49,1492,a10,m06,6.072,6.078,8,48.576,48.624
49,1493,a03,m11,5.532,5.382,93,514.476,500.526
49,1494,a05,m05,3.552,3.774,70,248.64,264.18
49,1495,a16,m02,1.494,1.458,115,171.81,167.67
49,1496,a01,m06,8.046,7.554,45,362.07,339.93
49,1497,a10,m08,6.096,6.078,29,176.784,176.262
49,1498,a03,m12,5.448,5.382,307,1672.536,1652.274
49,1499,a11,m03,4.158,4.26,250,1039.5,1065
49,1500,a13,m08,3.684,3.81,196,722.064,746.76
49,1501,a14,m06,2.73,2.682,230,627.9,616.86
49,1502,a18,m06,2.346,2.316,345,809.37,799.02
49,1503,a17,m03,2.292,2.13,519,1189.548,1105.47
49,1504,a08,m04,2.268,2.244,162,367.416,363.528
49,1505,a07,m04,2.118,2.226,205,434.19,456.33
49,1506,a02,m07,7.182,6.96,162,1163.484,1127.52
49,1507,a19,m01,1.482,1.422,1160,1719.12,1649.52
49,1508,a09,m07,6.138,5.85,8,49.104,46.8
49,1509,a19,m01,1.482,1.422,994,1473.108,1413.468
49,1510,a19,m01,1.476,1.422,154,227.304,218.988
49,1511,a13,m05,3.726,3.81,183,681.858,697.23
49,1512,a18,m08,2.232,2.316,305,680.76,706.38
49,1513,a03,m12,5.448,5.382,8,43.584,43.056
49,1514,a13,m05,3.666,3.81,50,183.3,190.5
49,1515,a06,m03,3.534,3.378,31,109.554,104.718
49,1516,a14,m06,2.736,2.682,219,599.184,587.358
50,1517,a01,m06,7.746,7.554,233,1804.818,1760.082
50,1518,a03,m11,5.55,5.382,264,1465.2,1420.848
50,1519,a05,m06,3.564,3.774,232,826.848,875.568
50,1520,a06,m03,3.534,3.378,275,971.85,928.95
50,1521,a02,m08,6.636,6.96,30,199.08,208.8
50,1522,a12,m11,4.29,4.56,260,1115.4,1185.6
50,1523,a12,m11,4.284,4.56,317,1358.028,1445.52
50,1524,a05,m06,3.564,3.774,28,99.792,105.672
50,1525,a14,m08,2.592,2.682,349,904.608,936.018
50,1526,a02,m08,6.636,6.96,223,1479.828,1552.08
50,1527,a03,m12,5.568,5.382,13,72.384,69.966
50,1528,a11,m03,4.212,4.26,10,42.12,42.6
50,1529,a05,m04,3.81,3.774,91,346.71,343.434
50,1530,a07,m04,2.166,2.226,277,599.982,616.602
50,1531,a17,m06,2.112,2.13,145,306.24,308.85
50,1532,a07,m07,1.98,2.226,232,459.36,516.432
50,1533,a03,m12,5.598,5.382,25,139.95,134.55
50,1534,a11,m04,3.99,4.26,66,263.34,281.16
50,1535,a13,m08,3.69,3.81,58,214.02,220.98
50,1536,a08,m05,2.268,2.244,28,63.504,62.832
50,1537,a08,m04,2.268,2.244,256,580.608,574.464
50,1538,a16,m02,1.488,1.458,463,688.944,675.054
50,1539,a13,m08,3.69,3.81,136,501.84,518.16
50,1540,a17,m07,2.076,2.13,390,809.64,830.7
50,1541,a03,m11,5.73,5.382,7,40.11,37.674
50,1542,a14,m06,2.742,2.682,363,995.346,973.566
50,1543,a14,m07,2.556,2.682,103,263.268,276.246
50,1544,a18,m06,2.346,2.316,347,814.062,803.652
50,1545,a08,m05,2.274,2.244,546,1241.604,1225.224
51,1546,a03,m12,5.598,5.382,6,33.588,32.292
51,1547,a11,m03,4.218,4.26,158,666.444,673.08
51,1548,a14,m08,2.598,2.682,58,150.684,155.556
51,1549,a14,m07,2.556,2.682,518,1324.008,1389.276
51,1550,a10,m02,6.444,6.078,81,521.964,492.318
51,1551,a05,m04,3.708,3.774,320,1186.56,1207.68
51,1552,a06,m04,3.228,3.378,341,1100.748,1151.898
51,1553,a16,m01,1.602,1.458,1042,1669.284,1519.236
51,1554,a10,m05,6.174,6.078,90,555.66,547.02
51,1555,a03,m12,5.586,5.382,54,301.644,290.628
51,1556,a12,m10,4.56,4.56,8,36.48,36.48
51,1557,a07,m03,2.232,2.226,470,1049.04,1046.22
51,1558,a01,m07,7.56,7.554,6,45.36,45.324
51,1559,a07,m03,2.226,2.226,28,62.328,62.328
51,1560,a19,m01,1.488,1.422,30,44.64,42.66
51,1561,a20,m06,1.86,1.806,607,1129.02,1096.242
51,1562,a20,m02,1.776,1.806,265,470.64,478.59
51,1563,a19,m01,1.488,1.422,606,901.728,861.732
52,1564,a13,m05,3.81,3.81,21,80.01,80.01
52,1565,a13,m08,3.69,3.81,556,2051.64,2118.36
52,1566,a18,m05,2.514,2.316,204,512.856,472.464
52,1567,a17,m06,2.124,2.13,33,70.092,70.29
52,1568,a20,m02,1.866,1.806,242,451.572,437.052
52,1569,a20,m02,1.86,1.806,415,771.9,749.49
52,1570,a20,m02,1.854,1.806,148,274.392,267.288
52,1571,a20,m05,1.824,1.806,241,439.584,435.246
52,1572,a12,m11,4.29,4.56,24,102.96,109.44
52,1573,a13,m07,3.588,3.81,7,25.116,26.67
52,1574,a17,m08,1.968,2.13,229,450.672,487.77
52,1575,a20,m02,1.854,1.806,379,702.666,684.474
52,1576,a01,m06,7.446,7.554,87,647.802,657.198
52,1577,a01,m06,7.44,7.554,86,639.84,649.644
52,1578,a11,m03,4.212,4.26,54,227.448,230.04
52,1579,a13,m06,3.948,3.81,20,78.96,76.2
52,1580,a20,m04,1.848,1.806,839,1550.472,1515.234
52,1581,a03,m13,5.178,5.382,71,367.638,382.122
52,1582,a03,m13,5.16,5.382,164,846.24,882.648
52,1583,a13,m05,3.9,3.81,196,764.4,746.76
52,1584,a05,m05,3.666,3.774,81,296.946,305.694
52,1585,a14,m06,2.808,2.682,147,412.776,394.254
52,1586,a13,m06,3.978,3.81,8,31.824,30.48
52,1587,a06,m03,3.528,3.378,20,70.56,67.56
52,1588,a06,m05,3.51,3.378,210,737.1,709.38
52,1589,a20,m05,1.824,1.806,243,443.232,438.858
52,1590,a13,m07,3.606,3.81,14,50.484,53.34
52,1591,a06,m03,3.528,3.378,134,472.752,452.652
52,1592,a06,m03,3.51,3.378,258,905.58,871.524
52,1593,a14,m08,2.592,2.682,140,362.88,375.48
52,1594,a19,m01,1.512,1.422,125,189,177.75
53,1595,a13,m06,3.828,3.81,39,149.292,148.59
53,1596,a06,m04,3.246,3.378,122,396.012,412.116
53,1597,a06,m04,3.24,3.378,316,1023.84,1067.448
53,1598,a06,m07,3.216,3.378,194,623.904,655.332
53,1599,a19,m01,1.488,1.422,548,815.424,779.256
53,1600,a03,m12,5.58,5.382,506,2823.48,2723.292
53,1601,a13,m08,3.834,3.81,55,210.87,209.55
53,1602,a13,m08,3.834,3.81,28,107.352,106.68
53,1603,a13,m08,3.636,3.81,17,61.812,64.77
53,1604,a05,m06,3.45,3.774,238,821.1,898.212
53,1605,a14,m08,2.604,2.682,155,403.62,415.71
53,1606,a18,m08,2.196,2.316,55,120.78,127.38
53,1607,a17,m07,2.106,2.13,155,326.43,330.15
53,1608,a19,m01,1.518,1.422,38,57.684,54.036
53,1609,a10,m08,6.144,6.078,40,245.76,243.12
53,1610,a03,m14,5.244,5.382,44,230.736,236.808
53,1611,a06,m05,3.528,3.378,161,568.008,543.858
53,1612,a15,m07,2.52,2.436,204,514.08,496.944
53,1613,a10,m08,6.144,6.078,30,184.32,182.34
53,1614,a10,m08,6.12,6.078,132,807.84,802.296
53,1615,a10,m04,5.976,6.078,11,65.736,66.858
53,1616,a11,m03,4.23,4.26,183,774.09,779.58
53,1617,a14,m06,2.76,2.682,107,295.32,286.974
53,1618,a16,m01,1.614,1.458,380,613.32,554.04
53,1619,a01,m06,7.632,7.554,18,137.376,135.972
53,1620,a01,m08,7.35,7.554,217,1594.95,1639.218
53,1621,a01,m08,7.362,7.554,56,412.272,423.024
54,1635,a02,m07,6.89,6.96,67,461.63,466.32
54,1639,a02,m07,6.89,6.96,145,999.05,1009.2
54,1633,a02,m08,6.738,6.96,4,26.952,27.84
54,1634,a02,m08,6.738,6.96,123,828.774,856.08
54,1622,a03,m14,5.35,5.382,359,1920.65,1932.138
54,1629,a03,m15,5.21,5.382,202,1052.42,1087.164
54,1630,a05,m06,3.624,3.774,157,568.968,592.518
54,1623,a07,m05,2.142,2.226,174,372.708,387.324
54,1624,a07,m05,2.13,2.226,497,1058.61,1106.322
54,1626,a08,m04,2.25,2.244,99,222.75,222.156
54,1625,a09,m07,6.252,5.85,7,43.764,40.95
54,1628,a10,m02,6.444,6.078,6,38.664,36.468
54,1640,a10,m06,6.126,6.078,26,159.276,158.028
54,1636,a11,m04,4.056,4.26,116,470.496,494.16
54,1641,a13,m08,3.738,3.81,111,414.918,422.91
54,1631,a14,m08,2.61,2.682,436,1137.96,1169.352
54,1637,a15,m06,2.316,2.436,24,55.584,58.464
54,1632,a16,m01,1.49,1.458,323,481.27,470.934
54,1627,a16,m02,1.581,1.458,18,28.458,26.244
54,1638,a18,m07,2.22,2.316,109,241.98,252.444
55,1642,a09,m07,6.288,5.85,209,1314.192,1222.65
55,1643,a07,m07,2.022,2.226,369,746.118,821.394
55,1644,a14,m06,2.766,2.682,251,694.266,673.182
55,1645,a18,m06,2.328,2.316,557,1296.696,1290.012
55,1646,a07,m03,2.25,2.226,388,873,863.688
55,1647,a20,m05,1.812,1.806,336,608.832,606.816
55,1648,a10,m06,6.12,6.078,10,61.2,60.78
55,1649,a07,m07,2.07,2.226,52,107.64,115.752
55,1650,a11,m04,4.044,4.26,28,113.232,119.28
55,1651,a07,m04,2.082,2.226,378,786.996,841.428
55,1652,a07,m06,1.992,2.226,421,838.632,937.146
55,1653,a07,m06,1.974,2.226,451,890.274,1003.926
55,1654,a10,m05,6.21,6.078,10,62.1,60.78
55,1655,a13,m05,3.894,3.81,30,116.82,114.3
55,1656,a13,m05,3.66,3.81,571,2089.86,2175.51
55,1657,a05,m05,3.552,3.774,123,436.896,464.202
55,1658,a17,m07,2.112,2.13,230,485.76,489.9
55,1659,a17,m08,2.022,2.13,24,48.528,51.12
55,1660,a03,m14,5.28,5.382,200,1056,1076.4
55,1661,a13,m05,3.81,3.81,40,152.4,152.4
55,1662,a17,m07,2.112,2.13,96,202.752,204.48
55,1663,a03,m14,5.334,5.382,210,1120.14,1130.22
55,1664,a05,m06,3.696,3.774,31,114.576,116.994
55,1665,a16,m01,1.614,1.458,506,816.684,737.748
56,1666,a08,m05,2.292,2.244,270,618.84,605.88
56,1667,a02,m07,7.164,6.96,6,42.984,41.76
56,1668,a14,m07,2.532,2.682,614,1554.648,1646.748
56,1669,a02,m08,6.69,6.96,76,508.44,528.96
56,1670,a03,m13,5.196,5.382,76,394.896,409.032
56,1671,a13,m08,3.87,3.81,12,46.44,45.72
56,1672,a14,m07,2.532,2.682,212,536.784,568.584
56,1673,a08,m04,2.31,2.244,219,505.89,491.436
56,1674,a11,m03,4.248,4.26,85,361.08,362.1
56,1675,a05,m04,3.798,3.774,195,740.61,735.93
56,1676,a05,m06,3.69,3.774,16,59.04,60.384
56,1677,a18,m07,2.226,2.316,90,200.34,208.44
56,1678,a17,m07,2.13,2.13,209,445.17,445.17
56,1679,a05,m04,3.798,3.774,274,1040.652,1034.076
56,1680,a13,m08,3.756,3.81,156,585.936,594.36
56,1681,a15,m07,2.532,2.436,741,1876.212,1805.076
56,1682,a05,m05,3.66,3.774,295,1079.7,1113.33
57,1683,a03,m12,5.718,5.382,348,1989.864,1872.936
57,1684,a08,m04,2.31,2.244,139,321.09,311.916
57,1685,a16,m02,1.482,1.458,90,133.38,131.22
57,1686,a02,m07,7.314,6.96,148,1082.472,1030.08
57,1687,a11,m04,4.056,4.26,161,653.016,685.86
57,1688,a16,m02,1.482,1.458,36,53.352,52.488
57,1689,a02,m08,6.702,6.96,13,87.126,90.48
57,1690,a13,m07,3.624,3.81,84,304.416,320.04
57,1691,a14,m08,2.64,2.682,911,2405.04,2443.302
57,1692,a18,m07,2.25,2.316,303,681.75,701.748
57,1693,a10,m08,6.12,6.078,15,91.8,91.17
57,1694,a08,m04,2.31,2.244,339,783.09,760.716
57,1695,a17,m08,1.974,2.13,24,47.376,51.12
57,1696,a16,m01,1.626,1.458,164,266.664,239.112
58,1697,a10,m08,6.12,6.078,55,336.6,334.29
58,1698,a10,m04,5.928,6.078,7,41.496,42.546
58,1699,a13,m06,3.81,3.81,119,453.39,453.39
58,1700,a09,m07,6.33,5.85,255,1614.15,1491.75
58,1701,a17,m08,2.034,2.13,18,36.612,38.34
58,1702,a17,m08,2.022,2.13,288,582.336,613.44
58,1703,a16,m01,1.638,1.458,240,393.12,349.92
58,1704,a16,m02,1.47,1.458,34,49.98,49.572
58,1705,a02,m08,6.774,6.96,120,812.88,835.2
58,1706,a03,m14,5.334,5.382,33,176.022,177.606
58,1707,a03,m13,5.274,5.382,196,1033.704,1054.872
58,1708,a03,m15,5.106,5.382,46,234.876,247.572
58,1709,a14,m07,2.55,2.682,519,1323.45,1391.958
58,1710,a11,m03,4.26,4.26,143,609.18,609.18
58,1711,a05,m05,3.678,3.774,34,125.052,128.316
58,1712,a06,m04,3.192,3.378,162,517.104,547.236
58,1713,a10,m05,6.288,6.078,155,974.64,942.09
58,1714,a10,m05,6.294,6.078,22,138.468,133.716
59,1715,a03,m15,5.232,5.382,173,905.136,931.086
59,1716,a05,m04,3.744,3.774,367,1374.048,1385.058
59,1717,a20,m04,1.818,1.806,78,141.804,140.868
59,1718,a13,m08,3.834,3.81,205,785.97,781.05
59,1719,a05,m04,3.744,3.774,138,516.672,520.812
59,1720,a06,m04,3.24,3.378,135,437.4,456.03
59,1721,a14,m07,2.598,2.682,314,815.772,842.148
59,1722,a18,m06,2.322,2.316,299,694.278,692.484
59,1723,a17,m08,2.064,2.13,399,823.536,849.87
59,1724,a01,m07,7.71,7.554,10,77.1,75.54
59,1725,a10,m04,6,6.078,40,240,243.12
59,1726,a03,m15,5.22,5.382,390,2035.8,2098.98
59,1727,a20,m05,1.818,1.806,60,109.08,108.36
59,1728,a01,m08,7.536,7.554,14,105.504,105.756
59,1729,a02,m07,7.272,6.96,21,152.712,146.16
59,1730,a10,m08,6.168,6.078,79,487.272,480.162
59,1731,a11,m03,4.308,4.26,44,189.552,187.44
59,1732,a13,m07,3.738,3.81,15,56.07,57.15
59,1733,a18,m06,2.364,2.316,110,260.04,254.76
59,1734,a08,m04,2.322,2.244,361,838.242,810.084
59,1735,a17,m08,2.064,2.13,88,181.632,187.44
59,1736,a20,m02,1.812,1.806,909,1647.108,1641.654
59,1737,a02,m08,6.792,6.96,78,529.776,542.88
59,1738,a09,m08,5.73,5.85,266,1524.18,1556.1
59,1739,a03,m13,5.268,5.382,69,363.492,371.358
59,1740,a13,m07,3.78,3.81,8,30.24,30.48
59,1741,a08,m05,2.31,2.244,377,870.87,845.988
59,1742,a18,m07,2.25,2.316,115,258.75,266.34
59,1743,a17,m07,2.16,2.13,34,73.44,72.42
59,1744,a07,m06,2.022,2.226,166,335.652,369.516
59,1745,a16,m02,1.47,1.458,167,245.49,243.486
59,1746,a02,m08,6.792,6.96,185,1256.52,1287.6
59,1747,a13,m08,3.81,3.81,95,361.95,361.95
60,1748,a06,m05,3.144,3.378,133,418.152,449.274
60,1749,a11,m04,4.092,4.26,192,785.664,817.92
60,1750,a10,m04,6.096,6.078,73,445.008,443.694
60,1751,a17,m06,2.178,2.13,444,967.032,945.72
60,1752,a15,m07,2.508,2.436,220,551.76,535.92
60,1753,a16,m02,1.506,1.458,128,192.768,186.624
60,1754,a03,m12,5.73,5.382,10,57.3,53.82
60,1755,a01,m06,7.818,7.554,31,242.358,234.174
60,1756,a03,m12,5.73,5.382,138,790.74,742.716
60,1757,a05,m06,3.672,3.774,99,363.528,373.626
60,1758,a05,m06,3.612,3.774,17,61.404,64.158
60,1759,a09,m07,6.228,5.85,5,31.14,29.25
60,1760,a14,m08,2.64,2.682,148,390.72,396.936
60,1761,a14,m07,2.58,2.682,1042,2688.36,2794.644
60,1762,a07,m04,2.178,2.226,147,320.166,327.222
60,1763,a03,m14,5.46,5.382,157,857.22,844.974
60,1764,a09,m08,5.772,5.85,125,721.5,731.25
61,1765,a15,m07,2.55,2.436,202,515.1,492.072
61,1766,a01,m08,7.614,7.554,30,228.42,226.62
61,1767,a02,m08,6.852,6.96,24,164.448,167.04
61,1768,a12,m11,4.308,4.56,41,176.628,186.96
61,1769,a12,m11,4.284,4.56,109,466.956,497.04
61,1770,a11,m04,4.14,4.26,83,343.62,353.58
61,1771,a13,m06,3.9,3.81,237,924.3,902.97
61,1772,a13,m08,3.852,3.81,37,142.524,140.97
61,1773,a01,m08,7.62,7.554,123,937.26,929.142
61,1774,a09,m08,5.82,5.85,319,1856.58,1866.15
61,1775,a11,m03,4.302,4.26,101,434.502,430.26
61,1776,a13,m05,3.816,3.81,236,900.576,899.16
61,1777,a18,m07,2.262,2.316,316,714.792,731.856
61,1778,a20,m02,1.854,1.806,1055,1955.97,1905.33
61,1779,a14,m08,2.67,2.682,711,1898.37,1906.902
61,1780,a19,m01,1.47,1.422,1685,2476.95,2396.07
61,1781,a10,m04,6.204,6.078,5,31.02,30.39
61,1782,a03,m12,5.82,5.382,258,1501.56,1388.556
61,1783,a05,m06,3.81,3.774,83,316.23,313.242
61,1784,a08,m05,2.334,2.244,154,359.436,345.576
61,1785,a20,m07,1.656,1.806,668,1106.208,1206.408
62,1786,a03,m14,5.46,5.382,143,780.78,769.626
62,1787,a03,m13,5.418,5.382,247,1338.246,1329.354
62,1788,a12,m11,4.494,4.56,18,80.892,82.08
62,1789,a06,m05,3.144,3.378,89,279.816,300.642
62,1790,a07,m06,2.046,2.226,363,742.698,808.038
62,1791,a16,m02,1.56,1.458,95,148.2,138.51
62,1792,a11,m03,4.32,4.26,174,751.68,741.24
62,1793,a07,m04,2.202,2.226,649,1429.098,1444.674
62,1794,a03,m15,5.268,5.382,149,784.932,801.918
62,1795,a16,m02,1.464,1.458,243,355.752,354.294
62,1796,a01,m08,7.56,7.554,179,1353.24,1352.166
62,1797,a02,m08,6.882,6.96,139,956.598,967.44
62,1798,a15,m04,2.64,2.436,303,799.92,738.108
62,1799,a08,m05,2.352,2.244,211,496.272,473.484
62,1800,a17,m06,2.184,2.13,363,792.792,773.19
62,1801,a17,m08,2.094,2.13,696,1457.424,1482.48
62,1802,a13,m06,4.02,3.81,226,908.52,861.06
62,1803,a08,m05,2.352,2.244,169,397.488,379.236
62,1804,a08,m04,2.352,2.244,932,2192.064,2091.408
63,1805,a13,m06,4.02,3.81,147,590.94,560.07
63,1806,a06,m05,3.228,3.378,116,374.448,391.848
63,1807,a18,m05,2.472,2.316,140,346.08,324.24
63,1808,a18,m06,2.382,2.316,515,1226.73,1192.74
63,1809,a18,m07,2.22,2.316,135,299.7,312.66
63,1810,a16,m02,1.488,1.458,562,836.256,819.396
63,1811,a05,m04,3.9,3.774,162,631.8,611.388
63,1812,a13,m05,3.828,3.81,271,1037.388,1032.51
63,1813,a05,m06,3.81,3.774,241,918.21,909.534
63,1814,a14,m07,2.61,2.682,703,1834.83,1885.446
63,1815,a17,m07,2.166,2.13,19,41.154,40.47
63,1816,a09,m08,5.802,5.85,38,220.476,222.3
63,1817,a17,m06,2.19,2.13,724,1585.56,1542.12
63,1818,a17,m07,2.172,2.13,532,1155.504,1133.16
63,1819,a02,m08,6.906,6.96,109,752.754,758.64
63,1820,a03,m15,5.136,5.382,13,66.768,69.966
63,1821,a18,m05,2.514,2.316,125,314.25,289.5
63,1822,a08,m04,2.382,2.244,650,1548.3,1458.6
63,1823,a08,m04,2.382,2.244,392,933.744,879.648
64,1824,a09,m08,5.784,5.85,6,34.704,35.1
64,1825,a03,m13,5.58,5.382,81,451.98,435.942
64,1826,a11,m03,4.326,4.26,99,428.274,421.74
64,1827,a15,m07,2.568,2.436,23,59.064,56.028
64,1828,a19,m01,1.47,1.422,2042,3001.74,2903.724
64,1829,a15,m07,2.556,2.436,288,736.128,701.568
64,1830,a20,m05,1.812,1.806,878,1590.936,1585.668
64,1831,a07,m05,2.142,2.226,612,1310.904,1362.312
64,1832,a17,m08,2.064,2.13,305,629.52,649.65
65,1833,a13,m08,3.9,3.81,14,54.6,53.34
65,1834,a13,m06,3.84,3.81,489,1877.76,1863.09
65,1835,a14,m08,2.652,2.682,73,193.596,195.786
65,1836,a14,m08,2.652,2.682,410,1087.32,1099.62
65,1837,a18,m05,2.52,2.316,590,1486.8,1366.44
65,1838,a08,m05,2.31,2.244,644,1487.64,1445.136
65,1839,a17,m08,2.064,2.13,236,487.104,502.68
65,1840,a02,m08,6.9,6.96,166,1145.4,1155.36
65,1841,a13,m07,3.84,3.81,14,53.76,53.34
65,1842,a16,m02,1.494,1.458,188,280.872,274.104
65,1843,a13,m05,3.948,3.81,16,63.168,60.96
65,1844,a13,m07,3.834,3.81,14,53.676,53.34
65,1845,a05,m04,3.786,3.774,276,1044.936,1041.624
65,1846,a06,m05,3.282,3.378,102,334.764,344.556
65,1847,a10,m05,6.3,6.078,200,1260,1215.6
65,1848,a09,m08,5.976,5.85,15,89.64,87.75
65,1849,a03,m13,5.442,5.382,350,1904.7,1883.7
65,1850,a13,m05,3.9,3.81,191,744.9,727.71
65,1851,a06,m05,3.282,3.378,27,88.614,91.206
65,1852,a01,m08,7.548,7.554,71,535.908,536.334
65,1853,a11,m03,4.38,4.26,146,639.48,621.96
65,1854,a11,m04,4.146,4.26,44,182.424,187.44
65,1855,a20,m07,1.68,1.806,117,196.56,211.302
65,1856,a20,m07,1.68,1.806,1056,1774.08,1907.136
65,1857,a19,m01,1.518,1.422,1532,2325.576,2178.504
