fecha,unidades
02/01/2006,2088
02/01/2006,1480
02/01/2006,2270
02/01/2006,6275
03/01/2006,502
03/01/2006,303
03/01/2006,299
03/01/2006,514
03/01/2006,1542
04/01/2006,90
04/01/2006,1012
04/01/2006,1040
04/01/2006,1096
04/01/2006,1070
04/01/2006,1084
04/01/2006,1147
04/01/2006,1176
04/01/2006,1114
04/01/2006,1110
04/01/2006,1091
04/01/2006,3108
04/01/2006,2604
05/01/2006,500
05/01/2006,1070
05/01/2006,1014
05/01/2006,502
05/01/2006,3178
05/01/2006,1013
05/01/2006,1080
05/01/2006,1033
06/01/2006,270
06/01/2006,496
06/01/2006,4281
06/01/2006,2210
06/01/2006,118
06/01/2006,314
06/01/2006,508
06/01/2006,456
06/01/2006,515
06/01/2006,633
06/01/2006,593
06/01/2006,331
07/01/2006,52
09/01/2006,2135
10/01/2006,124
10/01/2006,36
10/01/2006,137
10/01/2006,182
10/01/2006,514
10/01/2006,240
11/01/2006,2041
11/01/2006,1013
12/01/2006,1050
12/01/2006,2119
12/01/2006,1034
12/01/2006,1094
12/01/2006,1050
12/01/2006,3090
12/01/2006,1042
12/01/2006,743
12/01/2006,2510
12/01/2006,2709
12/01/2006,4086
12/01/2006,1255
12/01/2006,1135
12/01/2006,2327
12/01/2006,1302
13/01/2006,1307
13/01/2006,1388
13/01/2006,262
13/01/2006,131
13/01/2006,142
13/01/2006,3405
14/01/2006,50
14/01/2006,56
17/01/2006,595
17/01/2006,1076
18/01/2006,3696
19/01/2006,48
19/01/2006,31
19/01/2006,9
19/01/2006,15
19/01/2006,516
19/01/2006,1039
19/01/2006,164
19/01/2006,77
19/01/2006,82
19/01/2006,55
19/01/2006,224
19/01/2006,118
19/01/2006,114
19/01/2006,181
19/01/2006,160
19/01/2006,131
19/01/2006,283
19/01/2006,139
19/01/2006,96
19/01/2006,17
19/01/2006,18
20/01/2006,11
20/01/2006,8
20/01/2006,6
20/01/2006,2102
24/01/2006,386
24/01/2006,1042
24/01/2006,504
24/01/2006,311
24/01/2006,504
24/01/2006,530
24/01/2006,247
25/01/2006,1302
26/01/2006,4158
26/01/2006,5050
26/01/2006,5369
26/01/2006,941
26/01/2006,245
26/01/2006,264
27/01/2006,14
27/01/2006,12
30/01/2006,502
30/01/2006,12
30/01/2006,92
01/02/2006,1008
01/02/2006,1092
01/02/2006,1022
01/02/2006,1026
01/02/2006,1010
01/02/2006,1003
01/02/2006,1011
01/02/2006,215
01/02/2006,1076
01/02/2006,1042
01/02/2006,2091
01/02/2006,534
01/02/2006,608
01/02/2006,675
01/02/2006,1001
01/02/2006,1051
01/02/2006,472
01/02/2006,546
01/02/2006,1655
01/02/2006,1098
01/02/2006,12
02/02/2006,2019
02/02/2006,1873
02/02/2006,2244
02/02/2006,530
02/02/2006,420
02/02/2006,3967
02/02/2006,4968
02/02/2006,297
02/02/2006,3830
02/02/2006,2008
03/02/2006,3457
03/02/2006,1378
03/02/2006,260
03/02/2006,684
03/02/2006,973
03/02/2006,360
06/02/2006,2012
06/02/2006,1067
06/02/2006,554
06/02/2006,1081
06/02/2006,498
06/02/2006,222
06/02/2006,868
06/02/2006,1523
07/02/2006,3830
07/02/2006,260
08/02/2006,88
08/02/2006,319
08/02/2006,15
09/02/2006,24
10/02/2006,517
10/02/2006,676
11/02/2006,15992
11/02/2006,1008
11/02/2006,9
14/02/2006,352
14/02/2006,590
15/02/2006,517
15/02/2006,48
15/02/2006,540
15/02/2006,1652
15/02/2006,1320
15/02/2006,1078
16/02/2006,1045
16/02/2006,1019
16/02/2006,322
16/02/2006,1310
16/02/2006,519
16/02/2006,554
16/02/2006,502
16/02/2006,438
16/02/2006,459
16/02/2006,507
16/02/2006,105
16/02/2006,365
16/02/2006,220
17/02/2006,984
17/02/2006,420
17/02/2006,541
17/02/2006,514
17/02/2006,445
17/02/2006,177
17/02/2006,167
17/02/2006,119
17/02/2006,290
17/02/2006,35
17/02/2006,194
20/02/2006,2440
20/02/2006,3405
20/02/2006,2043
21/02/2006,1017
21/02/2006,535
21/02/2006,1054
21/02/2006,531
21/02/2006,610
21/02/2006,536
21/02/2006,533
21/02/2006,1080
21/02/2006,524
21/02/2006,2082
22/02/2006,1104
22/02/2006,922
22/02/2006,3080
22/02/2006,1050
22/02/2006,558
22/02/2006,1652
25/02/2006,1048
25/02/2006,1073
25/02/2006,926
25/02/2006,1048
25/02/2006,1087
25/02/2006,1111
27/02/2006,77
27/02/2006,3906
27/02/2006,1757
28/02/2006,986
28/02/2006,619
28/02/2006,592
28/02/2006,841
28/02/2006,544
28/02/2006,458
28/02/2006,1014
28/02/2006,1112
28/02/2006,963
28/02/2006,3320
28/02/2006,963
28/02/2006,1125
28/02/2006,1008
28/02/2006,2865
28/02/2006,1084
28/02/2006,18
28/02/2006,153
28/02/2006,95
01/03/2006,306
01/03/2006,32
03/03/2006,1089
03/03/2006,1077
03/03/2006,1604
06/03/2006,27
06/03/2006,20
06/03/2006,44
07/03/2006,966
07/03/2006,530
07/03/2006,9
07/03/2006,903
08/03/2006,272
08/03/2006,3428
09/03/2006,196
09/03/2006,143
09/03/2006,35
09/03/2006,53
09/03/2006,12
09/03/2006,68
09/03/2006,167
10/03/2006,368
10/03/2006,252
10/03/2006,224
10/03/2006,256
10/03/2006,624
10/03/2006,262
10/03/2006,288
10/03/2006,394
10/03/2006,214
10/03/2006,444
10/03/2006,538
10/03/2006,316
10/03/2006,354
10/03/2006,588
10/03/2006,568
11/03/2006,1026
11/03/2006,952
11/03/2006,748
11/03/2006,617
11/03/2006,3614
11/03/2006,2354
11/03/2006,2841
13/03/2006,1010
13/03/2006,566
13/03/2006,529
13/03/2006,736
13/03/2006,3234
13/03/2006,2440
14/03/2006,1095
14/03/2006,178
14/03/2006,119
14/03/2006,178
14/03/2006,177
14/03/2006,116
14/03/2006,145
14/03/2006,58
15/03/2006,312
15/03/2006,91
15/03/2006,26
15/03/2006,9
15/03/2006,2057
15/03/2006,1308
15/03/2006,4486
15/03/2006,997
15/03/2006,1011
15/03/2006,746
15/03/2006,1026
15/03/2006,2057
15/03/2006,1004
16/03/2006,498
16/03/2006,738
16/03/2006,130
16/03/2006,1203
16/03/2006,36
16/03/2006,34
17/03/2006,58
17/03/2006,72
17/03/2006,273
17/03/2006,71
17/03/2006,116
17/03/2006,68
17/03/2006,35
17/03/2006,44
17/03/2006,45
17/03/2006,33
17/03/2006,21
17/03/2006,1084
17/03/2006,312
17/03/2006,18
17/03/2006,2408
18/03/2006,84
20/03/2006,978
20/03/2006,918
20/03/2006,1042
20/03/2006,1099
20/03/2006,1046
20/03/2006,1125
20/03/2006,1052
20/03/2006,1149
20/03/2006,1073
20/03/2006,1218
20/03/2006,525
20/03/2006,1103
20/03/2006,500
20/03/2006,755
20/03/2006,903
21/03/2006,1090
21/03/2006,752
21/03/2006,1045
21/03/2006,1134
21/03/2006,1090
21/03/2006,1089
21/03/2006,898
21/03/2006,797
21/03/2006,482
21/03/2006,461
21/03/2006,2841
21/03/2006,4100
21/03/2006,2440
22/03/2006,745
23/03/2006,119
23/03/2006,155
23/03/2006,217
23/03/2006,448
23/03/2006,235
23/03/2006,327
23/03/2006,361
23/03/2006,261
23/03/2006,215
23/03/2006,382
23/03/2006,278
23/03/2006,191
23/03/2006,68
27/03/2006,1037
27/03/2006,1158
27/03/2006,1258
27/03/2006,1160
27/03/2006,1094
27/03/2006,2137
27/03/2006,965
27/03/2006,510
27/03/2006,332
27/03/2006,470
28/03/2006,1025
28/03/2006,998
28/03/2006,72
28/03/2006,29
28/03/2006,24
28/03/2006,18
28/03/2006,9
29/03/2006,2522
29/03/2006,1126
29/03/2006,960
29/03/2006,1108
29/03/2006,3076
29/03/2006,3007
29/03/2006,612
29/03/2006,255
29/03/2006,48
29/03/2006,17
29/03/2006,26
29/03/2006,27
29/03/2006,12
30/03/2006,1022
30/03/2006,1079
30/03/2006,1179
30/03/2006,1013
30/03/2006,1068
30/03/2006,1082
30/03/2006,1114
30/03/2006,1056
30/03/2006,1107
31/03/2006,442
31/03/2006,272
31/03/2006,1002
31/03/2006,883
31/03/2006,1004
31/03/2006,1328
31/03/2006,992
31/03/2006,832
31/03/2006,2270
31/03/2006,2270
03/04/2006,523
03/04/2006,338
03/04/2006,1093
03/04/2006,970
03/04/2006,1107
03/04/2006,610
03/04/2006,504
03/04/2006,506
03/04/2006,1026
03/04/2006,1052
03/04/2006,1927
03/04/2006,972
03/04/2006,980
03/04/2006,1066
03/04/2006,999
03/04/2006,994
03/04/2006,1006
03/04/2006,537
03/04/2006,2180
03/04/2006,491
03/04/2006,1075
04/04/2006,1493
04/04/2006,348
04/04/2006,239
04/04/2006,356
04/04/2006,216
04/04/2006,318
05/04/2006,428
05/04/2006,1154
05/04/2006,1934
05/04/2006,1250
05/04/2006,2086
05/04/2006,220
05/04/2006,1419
05/04/2006,1255
06/04/2006,80
06/04/2006,224
06/04/2006,140
06/04/2006,4794
06/04/2006,2354
10/04/2006,303
10/04/2006,72
10/04/2006,792
10/04/2006,535
11/04/2006,177
11/04/2006,358
11/04/2006,239
11/04/2006,6275
12/04/2006,1114
12/04/2006,3160
12/04/2006,1059
12/04/2006,1431
12/04/2006,1884
13/04/2006,776
17/04/2006,545
17/04/2006,18
17/04/2006,1029
17/04/2006,1028
17/04/2006,1005
17/04/2006,955
17/04/2006,1069
17/04/2006,1078
17/04/2006,2772
17/04/2006,5907
18/04/2006,3759
18/04/2006,2135
18/04/2006,2510
18/04/2006,1806
19/04/2006,2278
19/04/2006,1026
19/04/2006,4046
19/04/2006,15
19/04/2006,12
19/04/2006,58
19/04/2006,15
19/04/2006,26
19/04/2006,93
19/04/2006,95
19/04/2006,19
20/04/2006,1007
20/04/2006,1118
20/04/2006,1020
20/04/2006,806
20/04/2006,3362
21/04/2006,1030
22/04/2006,612
22/04/2006,155
22/04/2006,182
22/04/2006,224
22/04/2006,459
22/04/2006,235
22/04/2006,327
22/04/2006,361
22/04/2006,261
22/04/2006,215
22/04/2006,382
22/04/2006,278
22/04/2006,191
22/04/2006,68
24/04/2006,1630
24/04/2006,1611
24/04/2006,35
24/04/2006,12
24/04/2006,8
24/04/2006,96
24/04/2006,198
25/04/2006,358
25/04/2006,1980
25/04/2006,5017
25/04/2006,1553
25/04/2006,302
25/04/2006,415
26/04/2006,26
26/04/2006,293
26/04/2006,390
26/04/2006,196
27/04/2006,568
27/04/2006,524
27/04/2006,396
27/04/2006,978
27/04/2006,1736
28/04/2006,1124
28/04/2006,1244
28/04/2006,1131
28/04/2006,963
28/04/2006,962
28/04/2006,118
28/04/2006,164
28/04/2006,250
02/05/2006,245
02/05/2006,22
03/05/2006,796
03/05/2006,3704
04/05/2006,1006
04/05/2006,3256
04/05/2006,1081
04/05/2006,1046
04/05/2006,1028
04/05/2006,967
04/05/2006,710
05/05/2006,306
05/05/2006,77
05/05/2006,91
05/05/2006,230
05/05/2006,118
05/05/2006,164
05/05/2006,181
05/05/2006,131
05/05/2006,185
05/05/2006,139
05/05/2006,96
05/05/2006,34
05/05/2006,148
05/05/2006,112
05/05/2006,105
05/05/2006,174
05/05/2006,356
05/05/2006,218
05/05/2006,265
05/05/2006,214
05/05/2006,129
05/05/2006,279
05/05/2006,74
05/05/2006,290
05/05/2006,363
05/05/2006,265
05/05/2006,442
05/05/2006,54
05/05/2006,224
05/05/2006,234
06/05/2006,817
06/05/2006,490
06/05/2006,268
06/05/2006,862
06/05/2006,20
09/05/2006,259
09/05/2006,980
09/05/2006,436
09/05/2006,508
09/05/2006,1023
09/05/2006,1433
09/05/2006,1973
09/05/2006,107
09/05/2006,220
09/05/2006,41
09/05/2006,316
09/05/2006,44
09/05/2006,536
09/05/2006,215
09/05/2006,1023
09/05/2006,2076
09/05/2006,1037
09/05/2006,1071
09/05/2006,1050
09/05/2006,1125
09/05/2006,1038
09/05/2006,1084
11/05/2006,187
11/05/2006,42
11/05/2006,164
11/05/2006,553
11/05/2006,2151
11/05/2006,1082
11/05/2006,1004
11/05/2006,1933
12/05/2006,1036
12/05/2006,1061
12/05/2006,1041
12/05/2006,1006
12/05/2006,1083
12/05/2006,1047
12/05/2006,948
12/05/2006,2110
12/05/2006,1020
12/05/2006,1074
12/05/2006,386
15/05/2006,11
15/05/2006,22
15/05/2006,12
15/05/2006,9
15/05/2006,1051
16/05/2006,977
16/05/2006,809
16/05/2006,332
16/05/2006,2
16/05/2006,71
16/05/2006,564
16/05/2006,948
16/05/2006,2106
17/05/2006,968
17/05/2006,530
18/05/2006,216
18/05/2006,71
18/05/2006,9
18/05/2006,568
18/05/2006,351
18/05/2006,178
18/05/2006,2713
18/05/2006,1710
18/05/2006,2310
18/05/2006,2461
18/05/2006,1768
18/05/2006,2170
18/05/2006,2259
18/05/2006,2150
18/05/2006,2049
19/05/2006,46
19/05/2006,283
19/05/2006,234
19/05/2006,58
19/05/2006,29
19/05/2006,71
19/05/2006,109
19/05/2006,132
19/05/2006,88
19/05/2006,164
19/05/2006,176
19/05/2006,84
19/05/2006,234
19/05/2006,68
19/05/2006,118
19/05/2006,214
20/05/2006,134
22/05/2006,252
22/05/2006,524
23/05/2006,3600
23/05/2006,1177
23/05/2006,1251
23/05/2006,926
24/05/2006,1320
24/05/2006,2199
24/05/2006,1006
24/05/2006,1091
24/05/2006,1069
24/05/2006,1019
24/05/2006,1018
24/05/2006,980
24/05/2006,2843
24/05/2006,2080
24/05/2006,3183
24/05/2006,2117
24/05/2006,1049
24/05/2006,1042
24/05/2006,1023
24/05/2006,2064
24/05/2006,1071
24/05/2006,1064
24/05/2006,1017
24/05/2006,2115
24/05/2006,3292
24/05/2006,1061
24/05/2006,182
24/05/2006,46
24/05/2006,18
24/05/2006,2284
24/05/2006,2089
24/05/2006,966
24/05/2006,1079
26/05/2006,145
26/05/2006,363
29/05/2006,980
29/05/2006,1740
29/05/2006,96
29/05/2006,1040
30/05/2006,2470
30/05/2006,922
31/05/2006,285
31/05/2006,116
31/05/2006,177
31/05/2006,351
31/05/2006,109
31/05/2006,195
31/05/2006,114
31/05/2006,108
31/05/2006,107
31/05/2006,82
31/05/2006,337
01/06/2006,311
01/06/2006,1379
01/06/2006,1036
02/06/2006,990
02/06/2006,2088
02/06/2006,6279
02/06/2006,1021
02/06/2006,1030
02/06/2006,1069
02/06/2006,637
02/06/2006,1966
02/06/2006,1015
02/06/2006,2131
02/06/2006,1069
02/06/2006,2099
05/06/2006,522
05/06/2006,474
05/06/2006,3248
05/06/2006,1712
05/06/2006,164
07/06/2006,3118
07/06/2006,76
08/06/2006,524
09/06/2006,1018
09/06/2006,128
09/06/2006,2909
09/06/2006,1990
09/06/2006,4029
09/06/2006,2805
09/06/2006,5234
09/06/2006,1033
09/06/2006,1073
12/06/2006,576
12/06/2006,1086
12/06/2006,1544
12/06/2006,794
12/06/2006,714
12/06/2006,1048
12/06/2006,604
13/06/2006,2040
13/06/2006,780
13/06/2006,1039
13/06/2006,532
13/06/2006,214
13/06/2006,999
14/06/2006,23
14/06/2006,21
14/06/2006,684
14/06/2006,500
14/06/2006,360
14/06/2006,35
15/06/2006,261
15/06/2006,244
15/06/2006,82
16/06/2006,576
16/06/2006,3032
16/06/2006,3343
16/06/2006,2039
16/06/2006,1160
16/06/2006,1912
16/06/2006,831
16/06/2006,1918
16/06/2006,838
16/06/2006,2109
16/06/2006,1037
16/06/2006,206
16/06/2006,58
16/06/2006,564
16/06/2006,534
22/06/2006,1308
22/06/2006,2277
22/06/2006,1806
22/06/2006,12588
23/06/2006,985
23/06/2006,1115
23/06/2006,1158
23/06/2006,1019
23/06/2006,1022
23/06/2006,1057
23/06/2006,1000
23/06/2006,1048
26/06/2006,145
26/06/2006,218
26/06/2006,135
26/06/2006,178
26/06/2006,468
26/06/2006,454
26/06/2006,459
26/06/2006,240
26/06/2006,351
26/06/2006,376
27/06/2006,1090
27/06/2006,1424
27/06/2006,1092
27/06/2006,756
27/06/2006,440
28/06/2006,35
28/06/2006,138
28/06/2006,153
28/06/2006,32
28/06/2006,9
28/06/2006,35
29/06/2006,77
29/06/2006,164
29/06/2006,109
29/06/2006,4761
29/06/2006,600
03/07/2006,8233
03/07/2006,458
03/07/2006,1024
04/07/2006,1165
04/07/2006,1777
04/07/2006,1653
04/07/2006,406
04/07/2006,767
04/07/2006,1408
04/07/2006,1014
04/07/2006,1025
04/07/2006,1073
04/07/2006,1076
04/07/2006,1077
04/07/2006,1010
04/07/2006,1079
04/07/2006,957
06/07/2006,535
07/07/2006,1060
07/07/2006,706
07/07/2006,1132
07/07/2006,712
07/07/2006,585
07/07/2006,432
07/07/2006,2078
07/07/2006,10370
07/07/2006,44
07/07/2006,27
07/07/2006,27
07/07/2006,448
07/07/2006,496
07/07/2006,984
10/07/2006,2815
10/07/2006,9
10/07/2006,4
11/07/2006,118
11/07/2006,18
12/07/2006,476
12/07/2006,490
12/07/2006,522
12/07/2006,306
13/07/2006,29
17/07/2006,30159
17/07/2006,9
17/07/2006,6
17/07/2006,300
17/07/2006,342
17/07/2006,632
17/07/2006,7804
18/07/2006,58
18/07/2006,7234
18/07/2006,76
18/07/2006,27
19/07/2006,2305
19/07/2006,845
20/07/2006,1006
20/07/2006,3238
20/07/2006,601
20/07/2006,799
20/07/2006,337
20/07/2006,346
21/07/2006,3908
24/07/2006,10043
25/07/2006,10398
25/07/2006,1210
25/07/2006,187
25/07/2006,1071
25/07/2006,361
25/07/2006,324
27/07/2006,1027
27/07/2006,1062
27/07/2006,1069
27/07/2006,1123
27/07/2006,1066
27/07/2006,865
27/07/2006,566
27/07/2006,1081
28/07/2006,1107
28/07/2006,223
28/07/2006,692
28/07/2006,428
28/07/2006,54
28/07/2006,5682
28/07/2006,138
28/07/2006,2354
28/07/2006,9728
31/07/2006,234
31/07/2006,341
31/07/2006,508
31/07/2006,309
31/07/2006,106
31/07/2006,776
01/08/2006,528
01/08/2006,61
01/08/2006,566
02/08/2006,129
02/08/2006,566
02/08/2006,504
02/08/2006,527
02/08/2006,490
02/08/2006,108
02/08/2006,55
02/08/2006,27
02/08/2006,234
02/08/2006,592
02/08/2006,270
02/08/2006,135
02/08/2006,1434
02/08/2006,484
02/08/2006,521
03/08/2006,55
03/08/2006,89
03/08/2006,33
03/08/2006,101
03/08/2006,249
03/08/2006,199
03/08/2006,102
03/08/2006,90
04/08/2006,1066
04/08/2006,1081
04/08/2006,387
04/08/2006,1061
04/08/2006,1063
04/08/2006,62
04/08/2006,12
04/08/2006,214
05/08/2006,7610
05/08/2006,1898
05/08/2006,1656
07/08/2006,965
07/08/2006,1186
07/08/2006,1017
07/08/2006,1003
07/08/2006,1050
07/08/2006,494
07/08/2006,502
07/08/2006,1007
07/08/2006,7552
09/08/2006,1348
09/08/2006,2068
09/08/2006,3196
09/08/2006,32
09/08/2006,23
10/08/2006,894
10/08/2006,1082
10/08/2006,444
10/08/2006,1076
11/08/2006,946
11/08/2006,748
11/08/2006,181
14/08/2006,1061
14/08/2006,548
14/08/2006,286
14/08/2006,964
14/08/2006,300
14/08/2006,62
14/08/2006,290
14/08/2006,5550
15/08/2006,1098
15/08/2006,1128
16/08/2006,1342
16/08/2006,386
16/08/2006,624
16/08/2006,139
16/08/2006,46
16/08/2006,187
16/08/2006,177
17/08/2006,184
17/08/2006,147
18/08/2006,512
18/08/2006,129
18/08/2006,35
18/08/2006,135
18/08/2006,177
22/08/2006,61
22/08/2006,23
22/08/2006,7
25/08/2006,1008
25/08/2006,1026
25/08/2006,552
25/08/2006,1074
25/08/2006,500
25/08/2006,546
25/08/2006,1052
25/08/2006,1044
25/08/2006,714
25/08/2006,107
25/08/2006,514
25/08/2006,1030
25/08/2006,1032
25/08/2006,1059
25/08/2006,1049
25/08/2006,1103
25/08/2006,1041
25/08/2006,1042
26/08/2006,1033
26/08/2006,304
26/08/2006,554
26/08/2006,506
26/08/2006,652
26/08/2006,464
26/08/2006,506
26/08/2006,792
26/08/2006,430
28/08/2006,1066
28/08/2006,510
28/08/2006,514
28/08/2006,580
28/08/2006,2036
29/08/2006,552
29/08/2006,942
29/08/2006,42
29/08/2006,117
29/08/2006,68
29/08/2006,145
29/08/2006,145
29/08/2006,117
29/08/2006,109
29/08/2006,145
29/08/2006,3770
30/08/2006,3642
31/08/2006,504
31/08/2006,1074
31/08/2006,935
31/08/2006,620
31/08/2006,1259
01/09/2006,39
04/09/2006,2089
04/09/2006,459
04/09/2006,27
04/09/2006,203
05/09/2006,303
05/09/2006,4206
05/09/2006,5282
08/09/2006,306
08/09/2006,1352
08/09/2006,4548
08/09/2006,542
08/09/2006,240
08/09/2006,1660
08/09/2006,12
08/09/2006,302
08/09/2006,911
08/09/2006,456
08/09/2006,436
08/09/2006,542
08/09/2006,1646
08/09/2006,398
08/09/2006,135
08/09/2006,55
08/09/2006,27
08/09/2006,3324
08/09/2006,210
08/09/2006,236
08/09/2006,94
08/09/2006,87
09/09/2006,1000
09/09/2006,940
09/09/2006,1066
09/09/2006,998
09/09/2006,1101
11/09/2006,673
11/09/2006,125
11/09/2006,177
11/09/2006,89
12/09/2006,968
13/09/2006,59
13/09/2006,60
13/09/2006,82
13/09/2006,176
13/09/2006,102
13/09/2006,123
13/09/2006,51
13/09/2006,555
13/09/2006,262
13/09/2006,293
13/09/2006,189
13/09/2006,383
13/09/2006,28
13/09/2006,17
13/09/2006,4
13/09/2006,609
13/09/2006,300
13/09/2006,498
13/09/2006,3866
13/09/2006,1140
15/09/2006,826
18/09/2006,21
18/09/2006,306
18/09/2006,440
18/09/2006,290
18/09/2006,354
18/09/2006,360
19/09/2006,504
19/09/2006,332
19/09/2006,572
19/09/2006,558
19/09/2006,512
19/09/2006,520
19/09/2006,568
19/09/2006,522
19/09/2006,1204
20/09/2006,2068
20/09/2006,1918
20/09/2006,1069
20/09/2006,1080
20/09/2006,3595
20/09/2006,1210
20/09/2006,1062
20/09/2006,250
20/09/2006,47
21/09/2006,609
22/09/2006,109
22/09/2006,27
22/09/2006,21
22/09/2006,91
22/09/2006,1052
22/09/2006,946
22/09/2006,548
22/09/2006,478
23/09/2006,2110
23/09/2006,2111
23/09/2006,1973
23/09/2006,1013
23/09/2006,1055
23/09/2006,992
23/09/2006,1000
23/09/2006,1016
23/09/2006,1095
23/09/2006,2072
25/09/2006,464
25/09/2006,670
25/09/2006,1056
25/09/2006,516
25/09/2006,987
25/09/2006,8
25/09/2006,64
26/09/2006,27
26/09/2006,53
26/09/2006,672
26/09/2006,358
26/09/2006,71
26/09/2006,1062
26/09/2006,1044
26/09/2006,1013
26/09/2006,164
26/09/2006,164
26/09/2006,190
27/09/2006,61
28/09/2006,351
28/09/2006,47
28/09/2006,36
29/09/2006,1994
29/09/2006,416
03/10/2006,356
03/10/2006,363
03/10/2006,464
04/10/2006,814
04/10/2006,328
04/10/2006,554
04/10/2006,600
04/10/2006,1062
04/10/2006,1020
04/10/2006,1049
04/10/2006,1031
04/10/2006,1916
04/10/2006,682
04/10/2006,560
04/10/2006,468
05/10/2006,24
06/10/2006,7
09/10/2006,210
09/10/2006,256
09/10/2006,786
09/10/2006,300
09/10/2006,576
11/10/2006,764
11/10/2006,162
11/10/2006,367
11/10/2006,35
11/10/2006,23
11/10/2006,1323
11/10/2006,156
11/10/2006,338
11/10/2006,330
11/10/2006,306
11/10/2006,77
11/10/2006,275
11/10/2006,161
11/10/2006,180
11/10/2006,194
11/10/2006,203
11/10/2006,187
11/10/2006,305
11/10/2006,145
11/10/2006,172
11/10/2006,236
11/10/2006,180
13/10/2006,87
13/10/2006,70
13/10/2006,35
13/10/2006,16
13/10/2006,1217
13/10/2006,2260
13/10/2006,1654
13/10/2006,3062
13/10/2006,566
13/10/2006,430
13/10/2006,98
13/10/2006,112
13/10/2006,92
13/10/2006,103
17/10/2006,6
18/10/2006,934
19/10/2006,290
19/10/2006,1566
19/10/2006,522
23/10/2006,4086
23/10/2006,922
24/10/2006,250
24/10/2006,14
25/10/2006,984
25/10/2006,746
25/10/2006,670
25/10/2006,518
25/10/2006,1830
26/10/2006,1046
26/10/2006,1082
26/10/2006,636
26/10/2006,1066
26/10/2006,1062
26/10/2006,292
26/10/2006,500
27/10/2006,2228
27/10/2006,4132
27/10/2006,1033
27/10/2006,1268
30/10/2006,35
30/10/2006,34
30/10/2006,988
30/10/2006,1100
31/10/2006,510
31/10/2006,552
31/10/2006,304
31/10/2006,518
01/11/2006,648
01/11/2006,1173
01/11/2006,338
01/11/2006,214
01/11/2006,1057
01/11/2006,1062
01/11/2006,1055
02/11/2006,153
03/11/2006,2668
03/11/2006,1089
03/11/2006,2061
03/11/2006,956
03/11/2006,486
03/11/2006,1132
03/11/2006,586
03/11/2006,744
03/11/2006,1124
03/11/2006,1031
03/11/2006,528
03/11/2006,445
03/11/2006,28
03/11/2006,58
03/11/2006,94
03/11/2006,35
07/11/2006,1514
07/11/2006,198
07/11/2006,796
07/11/2006,314
07/11/2006,318
07/11/2006,902
07/11/2006,636
07/11/2006,408
07/11/2006,550
07/11/2006,528
07/11/2006,502
08/11/2006,984
08/11/2006,1073
08/11/2006,970
08/11/2006,2194
08/11/2006,1053
08/11/2006,1022
08/11/2006,2092
08/11/2006,2112
08/11/2006,1075
08/11/2006,982
08/11/2006,236
08/11/2006,61
08/11/2006,4
08/11/2006,17
08/11/2006,47
08/11/2006,35
09/11/2006,218
09/11/2006,87
09/11/2006,312
09/11/2006,592
10/11/2006,1025
10/11/2006,1063
10/11/2006,1006
10/11/2006,1000
10/11/2006,117
10/11/2006,87
13/11/2006,1120
13/11/2006,990
13/11/2006,1063
13/11/2006,1028
13/11/2006,1004
14/11/2006,144
14/11/2006,36
15/11/2006,1344
15/11/2006,50
15/11/2006,594
15/11/2006,14
15/11/2006,30
17/11/2006,504
17/11/2006,514
17/11/2006,308
18/11/2006,1114
18/11/2006,960
18/11/2006,236
20/11/2006,405
21/11/2006,2162
21/11/2006,1084
21/11/2006,1031
21/11/2006,1070
21/11/2006,1602
21/11/2006,622
21/11/2006,3030
21/11/2006,1258
21/11/2006,1034
21/11/2006,1385
21/11/2006,1128
21/11/2006,3630
22/11/2006,1068
22/11/2006,1054
24/11/2006,4838
24/11/2006,2378
24/11/2006,77
24/11/2006,136
24/11/2006,150
24/11/2006,275
24/11/2006,161
24/11/2006,180
24/11/2006,194
24/11/2006,145
24/11/2006,257
24/11/2006,262
24/11/2006,145
24/11/2006,137
24/11/2006,45
27/11/2006,1120
27/11/2006,510
27/11/2006,536
27/11/2006,100
28/11/2006,2002
30/11/2006,500
30/11/2006,510
01/12/2006,356
01/12/2006,1081
01/12/2006,117
01/12/2006,278
01/12/2006,334
02/12/2006,984
04/12/2006,35
04/12/2006,1073
05/12/2006,2750
05/12/2006,1550
05/12/2006,614
05/12/2006,2528
05/12/2006,153
05/12/2006,351
05/12/2006,257
05/12/2006,356
05/12/2006,145
05/12/2006,110
07/12/2006,3171
07/12/2006,68
07/12/2006,1080
07/12/2006,964
07/12/2006,544
07/12/2006,492
07/12/2006,542
11/12/2006,150
13/12/2006,86
14/12/2006,3126
14/12/2006,2120
14/12/2006,1036
14/12/2006,1060
14/12/2006,2197
14/12/2006,2111
14/12/2006,2101
14/12/2006,908
14/12/2006,1007
14/12/2006,1083
14/12/2006,1070
14/12/2006,1016
14/12/2006,1004
15/12/2006,775
15/12/2006,3778
15/12/2006,3304
20/12/2006,234
20/12/2006,610
20/12/2006,1065
20/12/2006,17
22/12/2006,312
22/12/2006,440
27/12/2006,550
27/12/2006,994
27/12/2006,976
27/12/2006,412
27/12/2006,528
27/12/2006,332
28/12/2006,1148
28/12/2006,928
04/01/2007,514
04/01/2007,500
04/01/2007,508
04/01/2007,540
04/01/2007,348
04/01/2007,564
04/01/2007,3794
04/01/2007,1260
04/01/2007,2867
04/01/2007,1172
05/01/2007,1156
08/01/2007,225
09/01/2007,716
09/01/2007,411
09/01/2007,290
09/01/2007,171
09/01/2007,214
09/01/2007,112
09/01/2007,351
10/01/2007,980
10/01/2007,1044
10/01/2007,1040
10/01/2007,1047
11/01/2007,1028
11/01/2007,1146
11/01/2007,3260
11/01/2007,2650
11/01/2007,32
12/01/2007,284
12/01/2007,350
12/01/2007,324
12/01/2007,304
12/01/2007,87
12/01/2007,70
12/01/2007,107
12/01/2007,187
12/01/2007,224
12/01/2007,224
15/01/2007,105
15/01/2007,116
15/01/2007,270
15/01/2007,218
15/01/2007,178
16/01/2007,2916
17/01/2007,524
17/01/2007,1078
17/01/2007,226
17/01/2007,225
17/01/2007,129
17/01/2007,42
17/01/2007,91
18/01/2007,598
18/01/2007,12
19/01/2007,1044
19/01/2007,1158
19/01/2007,341
19/01/2007,341
19/01/2007,116
19/01/2007,150
19/01/2007,6180
19/01/2007,735
19/01/2007,107
22/01/2007,696
22/01/2007,258
22/01/2007,73
23/01/2007,1320
23/01/2007,29
24/01/2007,1038
24/01/2007,112
25/01/2007,1764
25/01/2007,860
25/01/2007,2124
31/01/2007,140
02/02/2007,1030
02/02/2007,2302
02/02/2007,384
02/02/2007,291
02/02/2007,43
02/02/2007,7671
05/02/2007,572
05/02/2007,1144
05/02/2007,583
05/02/2007,1460
05/02/2007,1036
05/02/2007,2150
05/02/2007,66
05/02/2007,453
05/02/2007,113
07/02/2007,30
07/02/2007,270
07/02/2007,112
07/02/2007,300
07/02/2007,232
09/02/2007,150
09/02/2007,187
09/02/2007,150
09/02/2007,86
09/02/2007,586
09/02/2007,28
12/02/2007,517
12/02/2007,3303
12/02/2007,2547
12/02/2007,508
12/02/2007,504
12/02/2007,523
12/02/2007,480
12/02/2007,4750
12/02/2007,3017
12/02/2007,314
12/02/2007,187
12/02/2007,300
12/02/2007,77
12/02/2007,150
12/02/2007,360
12/02/2007,161
12/02/2007,278
12/02/2007,194
12/02/2007,145
12/02/2007,187
12/02/2007,196
12/02/2007,145
12/02/2007,137
12/02/2007,45
13/02/2007,1437
13/02/2007,2524
14/02/2007,12
16/02/2007,630
16/02/2007,2248
16/02/2007,126
16/02/2007,613
16/02/2007,352
16/02/2007,495
16/02/2007,45
16/02/2007,1033
16/02/2007,365
16/02/2007,630
16/02/2007,456
16/02/2007,452
16/02/2007,849
16/02/2007,827
20/02/2007,1418
21/02/2007,457
21/02/2007,1907
21/02/2007,610
21/02/2007,621
21/02/2007,147
21/02/2007,93
21/02/2007,1180
22/02/2007,443
22/02/2007,456
23/02/2007,20
23/02/2007,223
23/02/2007,550
28/02/2007,2229
28/02/2007,2158
28/02/2007,360
28/02/2007,252
28/02/2007,267
28/02/2007,220
28/02/2007,315
28/02/2007,267
28/02/2007,220
28/02/2007,203
28/02/2007,176
28/02/2007,220
28/02/2007,203
28/02/2007,176
28/02/2007,164
01/03/2007,255
01/03/2007,3
01/03/2007,3
02/03/2007,572
02/03/2007,942
02/03/2007,1842
02/03/2007,892
02/03/2007,358
02/03/2007,90
02/03/2007,37
02/03/2007,103
02/03/2007,190
07/03/2007,1150
07/03/2007,424
07/03/2007,994
07/03/2007,1074
07/03/2007,734
07/03/2007,772
07/03/2007,1016
08/03/2007,4
08/03/2007,238
08/03/2007,3684
08/03/2007,6566
08/03/2007,570
08/03/2007,934
08/03/2007,506
08/03/2007,478
08/03/2007,504
08/03/2007,544
08/03/2007,210
08/03/2007,150
08/03/2007,123
08/03/2007,210
08/03/2007,206
08/03/2007,129
08/03/2007,95
09/03/2007,187
09/03/2007,300
09/03/2007,77
09/03/2007,150
09/03/2007,360
09/03/2007,161
09/03/2007,278
09/03/2007,194
09/03/2007,145
09/03/2007,187
09/03/2007,196
09/03/2007,145
09/03/2007,137
09/03/2007,45
09/03/2007,73
09/03/2007,174
09/03/2007,24
09/03/2007,8
09/03/2007,568
09/03/2007,1135
09/03/2007,2806
12/03/2007,450
15/03/2007,45
15/03/2007,590
15/03/2007,266
15/03/2007,199
15/03/2007,618
15/03/2007,504
15/03/2007,500
15/03/2007,546
15/03/2007,508
15/03/2007,556
15/03/2007,502
15/03/2007,194
15/03/2007,47
15/03/2007,47
15/03/2007,8182
15/03/2007,267
15/03/2007,3802
15/03/2007,872
15/03/2007,337
15/03/2007,1019
16/03/2007,1582
16/03/2007,986
22/03/2007,1028
22/03/2007,9
22/03/2007,3457
22/03/2007,541
22/03/2007,283
22/03/2007,112
22/03/2007,83
22/03/2007,218
22/03/2007,267
22/03/2007,218
22/03/2007,351
22/03/2007,267
22/03/2007,176
22/03/2007,267
22/03/2007,174
22/03/2007,1548
22/03/2007,1116
22/03/2007,944
22/03/2007,910
22/03/2007,1050
22/03/2007,293
22/03/2007,199
22/03/2007,199
22/03/2007,305
22/03/2007,218
22/03/2007,290
23/03/2007,1273
23/03/2007,490
23/03/2007,557
23/03/2007,255
23/03/2007,540
23/03/2007,36
26/03/2007,180
26/03/2007,4
29/03/2007,2168
29/03/2007,790
29/03/2007,2234
29/03/2007,181
29/03/2007,227
29/03/2007,440
29/03/2007,267
29/03/2007,2542
29/03/2007,182
29/03/2007,394
29/03/2007,526
29/03/2007,177
30/03/2007,538
30/03/2007,480
30/03/2007,1642
30/03/2007,1894
03/04/2007,188
03/04/2007,315
03/04/2007,203
03/04/2007,147
03/04/2007,135
03/04/2007,121
03/04/2007,181
03/04/2007,164
03/04/2007,134
03/04/2007,134
03/04/2007,109
03/04/2007,178
03/04/2007,147
03/04/2007,121
04/04/2007,150
04/04/2007,9
04/04/2007,150
04/04/2007,26
04/04/2007,732
04/04/2007,127
04/04/2007,71
04/04/2007,474
05/04/2007,506
05/04/2007,306
05/04/2007,334
05/04/2007,2286
05/04/2007,754
09/04/2007,934
09/04/2007,480
10/04/2007,75
10/04/2007,75
11/04/2007,593
11/04/2007,482
11/04/2007,390
11/04/2007,498
11/04/2007,444
11/04/2007,558
11/04/2007,552
11/04/2007,181
11/04/2007,82
13/04/2007,2040
13/04/2007,4490
13/04/2007,658
13/04/2007,108
13/04/2007,422
13/04/2007,203
13/04/2007,210
13/04/2007,11600
13/04/2007,3297
13/04/2007,1232
13/04/2007,1611
13/04/2007,1550
14/04/2007,2052
14/04/2007,1326
16/04/2007,959
16/04/2007,1181
16/04/2007,4479
16/04/2007,6619
16/04/2007,3297
16/04/2007,59
16/04/2007,37
16/04/2007,18
18/04/2007,332
18/04/2007,293
18/04/2007,145
18/04/2007,241
18/04/2007,270
18/04/2007,145
18/04/2007,220
18/04/2007,356
18/04/2007,368
18/04/2007,232
18/04/2007,178
18/04/2007,240
18/04/2007,187
18/04/2007,220
18/04/2007,267
18/04/2007,147
18/04/2007,218
18/04/2007,181
18/04/2007,218
18/04/2007,241
18/04/2007,178
19/04/2007,1047
19/04/2007,1798
19/04/2007,150
19/04/2007,362
19/04/2007,161
19/04/2007,278
19/04/2007,194
19/04/2007,193
19/04/2007,196
19/04/2007,178
20/04/2007,506
20/04/2007,576
20/04/2007,522
20/04/2007,994
20/04/2007,206
20/04/2007,1071
20/04/2007,121
20/04/2007,4210
20/04/2007,1510
20/04/2007,3806
20/04/2007,53
22/04/2007,65
23/04/2007,159
23/04/2007,29
23/04/2007,181
23/04/2007,181
23/04/2007,444
23/04/2007,37
24/04/2007,42
24/04/2007,23
24/04/2007,73
26/04/2007,33
26/04/2007,88
26/04/2007,118
26/04/2007,21
26/04/2007,568
26/04/2007,262
26/04/2007,490
26/04/2007,114
27/04/2007,766
27/04/2007,119
27/04/2007,11
27/04/2007,14
27/04/2007,169
27/04/2007,77
02/05/2007,26
04/05/2007,1374
04/05/2007,1184
04/05/2007,946
05/05/2007,2228
05/05/2007,1551
05/05/2007,1647
05/05/2007,1368
05/05/2007,2031
05/05/2007,1117
05/05/2007,490
05/05/2007,1223
05/05/2007,498
05/05/2007,103
05/05/2007,121
05/05/2007,68
05/05/2007,103
07/05/2007,3595
08/05/2007,72
08/05/2007,39
09/05/2007,125
09/05/2007,220
09/05/2007,241
09/05/2007,144
09/05/2007,267
09/05/2007,134
09/05/2007,109
09/05/2007,118
10/05/2007,408
10/05/2007,8
10/05/2007,10146
10/05/2007,6260
10/05/2007,6134
10/05/2007,3768
10/05/2007,2864
11/05/2007,1069
11/05/2007,1026
11/05/2007,1081
11/05/2007,1061
11/05/2007,3288
12/05/2007,196
12/05/2007,178
12/05/2007,325
12/05/2007,187
12/05/2007,316
12/05/2007,77
12/05/2007,187
12/05/2007,379
12/05/2007,161
12/05/2007,278
12/05/2007,194
12/05/2007,203
12/05/2007,12
14/05/2007,7528
14/05/2007,109
14/05/2007,87
14/05/2007,178
14/05/2007,307
14/05/2007,241
15/05/2007,308
15/05/2007,422
15/05/2007,522
15/05/2007,244
15/05/2007,198
15/05/2007,128
15/05/2007,988
15/05/2007,282
15/05/2007,8650
17/05/2007,202
17/05/2007,232
17/05/2007,202
17/05/2007,198
17/05/2007,228
17/05/2007,200
17/05/2007,152
17/05/2007,162
17/05/2007,1035
17/05/2007,8
18/05/2007,238
18/05/2007,102
18/05/2007,170
18/05/2007,588
18/05/2007,267
18/05/2007,178
18/05/2007,3400
18/05/2007,562
18/05/2007,410
18/05/2007,524
18/05/2007,628
18/05/2007,610
18/05/2007,200
18/05/2007,305
18/05/2007,204
21/05/2007,411
21/05/2007,45
21/05/2007,46
21/05/2007,35
21/05/2007,503
21/05/2007,145
21/05/2007,196
21/05/2007,103
21/05/2007,217
21/05/2007,137
21/05/2007,24
22/05/2007,370
22/05/2007,236
22/05/2007,59
22/05/2007,48
23/05/2007,3183
23/05/2007,294
23/05/2007,218
28/05/2007,1042
28/05/2007,5567
29/05/2007,1068
31/05/2007,506
31/05/2007,36
31/05/2007,68
31/05/2007,55
31/05/2007,586
31/05/2007,505
31/05/2007,520
31/05/2007,59
31/05/2007,600
31/05/2007,49
31/05/2007,19
31/05/2007,17
31/05/2007,296
31/05/2007,265
31/05/2007,955
01/06/2007,171
01/06/2007,138
01/06/2007,75
01/06/2007,32
04/06/2007,77
04/06/2007,187
04/06/2007,161
04/06/2007,278
04/06/2007,194
04/06/2007,203
04/06/2007,196
04/06/2007,145
04/06/2007,178
04/06/2007,23
04/06/2007,870
05/06/2007,3182
05/06/2007,1185
05/06/2007,3101
05/06/2007,994
05/06/2007,1344
05/06/2007,308
05/06/2007,47
05/06/2007,27
05/06/2007,203
05/06/2007,338
05/06/2007,316
05/06/2007,262
05/06/2007,196
06/06/2007,994
06/06/2007,228
06/06/2007,350
06/06/2007,122
06/06/2007,106
06/06/2007,188
06/06/2007,134
06/06/2007,2888
06/06/2007,150
06/06/2007,146
06/06/2007,306
06/06/2007,288
06/06/2007,302
06/06/2007,306
06/06/2007,340
06/06/2007,66
06/06/2007,74
06/06/2007,68
06/06/2007,78
06/06/2007,4233
06/06/2007,1260
07/06/2007,18
07/06/2007,108
12/06/2007,3104
12/06/2007,4372
12/06/2007,3061
12/06/2007,3028
12/06/2007,2123
12/06/2007,1142
12/06/2007,95
13/06/2007,20
13/06/2007,75
13/06/2007,36
13/06/2007,85
13/06/2007,42
13/06/2007,178
14/06/2007,1370
15/06/2007,920
15/06/2007,626
15/06/2007,1736
15/06/2007,232
15/06/2007,399
15/06/2007,18
15/06/2007,24
16/06/2007,14
16/06/2007,32
19/06/2007,1068
19/06/2007,868
19/06/2007,1058
20/06/2007,14
21/06/2007,1221
21/06/2007,1034
21/06/2007,692
21/06/2007,2315
22/06/2007,1822
22/06/2007,5979
22/06/2007,1182
23/06/2007,150
23/06/2007,86
23/06/2007,216
23/06/2007,278
23/06/2007,236
23/06/2007,164
23/06/2007,90
23/06/2007,66
23/06/2007,68
23/06/2007,160
25/06/2007,538
25/06/2007,904
25/06/2007,162
26/06/2007,316
27/06/2007,95
27/06/2007,302
28/06/2007,508
28/06/2007,1600
28/06/2007,2116
29/06/2007,928
29/06/2007,792
29/06/2007,1000
29/06/2007,47
29/06/2007,166
29/06/2007,1540
29/06/2007,224
29/06/2007,362
29/06/2007,54
29/06/2007,196
29/06/2007,196
29/06/2007,2102
29/06/2007,870
29/06/2007,292
29/06/2007,4183
29/06/2007,224
29/06/2007,126
29/06/2007,534
29/06/2007,678
30/06/2007,238
30/06/2007,202
30/06/2007,204
30/06/2007,196
30/06/2007,218
03/07/2007,120
03/07/2007,204
03/07/2007,554
03/07/2007,98
03/07/2007,304
03/07/2007,412
03/07/2007,500
03/07/2007,552
03/07/2007,544
03/07/2007,496
03/07/2007,500
03/07/2007,550
03/07/2007,502
04/07/2007,178
04/07/2007,220
04/07/2007,84
04/07/2007,66
04/07/2007,84
04/07/2007,145
04/07/2007,95
04/07/2007,85
04/07/2007,210
04/07/2007,81
04/07/2007,92
04/07/2007,121
04/07/2007,134
04/07/2007,68
04/07/2007,102
04/07/2007,504
04/07/2007,524
04/07/2007,310
04/07/2007,302
05/07/2007,1390
05/07/2007,1695
05/07/2007,2524
05/07/2007,1294
05/07/2007,1673
05/07/2007,3751
05/07/2007,5531
06/07/2007,136
06/07/2007,1900
06/07/2007,3318
06/07/2007,3198
06/07/2007,1553
06/07/2007,296
06/07/2007,314
06/07/2007,300
07/07/2007,356
07/07/2007,441
07/07/2007,112
10/07/2007,32
10/07/2007,848
10/07/2007,556
10/07/2007,642
10/07/2007,592
10/07/2007,190
11/07/2007,996
11/07/2007,1354
12/07/2007,1070
12/07/2007,3488
12/07/2007,3544
12/07/2007,1101
12/07/2007,1014
12/07/2007,164
12/07/2007,312
12/07/2007,22
13/07/2007,1014
13/07/2007,176
13/07/2007,506
13/07/2007,394
13/07/2007,312
13/07/2007,96
13/07/2007,302
16/07/2007,229
16/07/2007,536
16/07/2007,528
16/07/2007,548
16/07/2007,136
16/07/2007,284
17/07/2007,1082
18/07/2007,360
18/07/2007,210
18/07/2007,178
18/07/2007,147
18/07/2007,147
18/07/2007,181
18/07/2007,109
18/07/2007,66
18/07/2007,85
18/07/2007,85
18/07/2007,61
18/07/2007,38
18/07/2007,51
19/07/2007,54
19/07/2007,628
19/07/2007,348
20/07/2007,5091
20/07/2007,2044
20/07/2007,1070
20/07/2007,310
20/07/2007,534
20/07/2007,673
20/07/2007,948
20/07/2007,232
20/07/2007,681
20/07/2007,818
20/07/2007,247
20/07/2007,711
20/07/2007,1473
20/07/2007,589
20/07/2007,435
20/07/2007,1722
20/07/2007,1006
20/07/2007,518
20/07/2007,188
20/07/2007,4
23/07/2007,112
23/07/2007,87
23/07/2007,88
23/07/2007,460
23/07/2007,158
24/07/2007,535
25/07/2007,234
25/07/2007,80
25/07/2007,192
25/07/2007,102
25/07/2007,126
25/07/2007,240
25/07/2007,422
25/07/2007,208
25/07/2007,404
25/07/2007,202
25/07/2007,890
25/07/2007,584
25/07/2007,200
25/07/2007,300
25/07/2007,324
25/07/2007,200
25/07/2007,147
25/07/2007,178
25/07/2007,240
25/07/2007,118
26/07/2007,54
27/07/2007,217
27/07/2007,92
27/07/2007,834
27/07/2007,680
27/07/2007,918
27/07/2007,396
30/07/2007,107
30/07/2007,206
30/07/2007,96
30/07/2007,306
30/07/2007,395
30/07/2007,268
30/07/2007,144
30/07/2007,1085
30/07/2007,1074
30/07/2007,1016
30/07/2007,1049
01/08/2007,984
01/08/2007,1091
01/08/2007,971
02/08/2007,50
02/08/2007,32
02/08/2007,80
02/08/2007,90
02/08/2007,89
02/08/2007,76
02/08/2007,98
02/08/2007,166
02/08/2007,166
02/08/2007,226
02/08/2007,320
02/08/2007,156
02/08/2007,84
02/08/2007,104
02/08/2007,51
03/08/2007,702
03/08/2007,302
03/08/2007,1002
03/08/2007,3387
03/08/2007,1138
03/08/2007,1044
07/08/2007,137
07/08/2007,127
09/08/2007,1074
09/08/2007,1062
10/08/2007,2180
11/08/2007,376
11/08/2007,508
11/08/2007,912
16/08/2007,9
16/08/2007,12
17/08/2007,170
17/08/2007,4330
17/08/2007,6635
17/08/2007,4024
17/08/2007,2238
21/08/2007,996
22/08/2007,1011
22/08/2007,536
22/08/2007,500
23/08/2007,315
23/08/2007,380
23/08/2007,360
23/08/2007,336
23/08/2007,360
23/08/2007,360
23/08/2007,350
23/08/2007,360
23/08/2007,350
23/08/2007,400
23/08/2007,350
23/08/2007,346
23/08/2007,355
23/08/2007,345
23/08/2007,375
24/08/2007,316
24/08/2007,103
24/08/2007,131
24/08/2007,321
24/08/2007,327
24/08/2007,516
24/08/2007,482
24/08/2007,145
24/08/2007,178
24/08/2007,119
24/08/2007,94
24/08/2007,906
24/08/2007,1422
24/08/2007,119
24/08/2007,94
24/08/2007,3297
24/08/2007,5043
29/08/2007,1048
29/08/2007,1074
29/08/2007,997
29/08/2007,6645
29/08/2007,2737
31/08/2007,355
04/09/2007,12
04/09/2007,1363
04/09/2007,1099
05/09/2007,700
06/09/2007,2237
06/09/2007,2537
06/09/2007,1068
06/09/2007,346
11/09/2007,2266
11/09/2007,2110
12/09/2007,518
12/09/2007,327
12/09/2007,7526
13/09/2007,35
13/09/2007,499
13/09/2007,2204
13/09/2007,4506
13/09/2007,638
13/09/2007,2250
14/09/2007,182
14/09/2007,3548
17/09/2007,262
17/09/2007,316
17/09/2007,103
17/09/2007,131
17/09/2007,321
17/09/2007,516
17/09/2007,203
17/09/2007,145
17/09/2007,178
17/09/2007,82
17/09/2007,120
17/09/2007,102
17/09/2007,180
17/09/2007,109
17/09/2007,232
17/09/2007,145
17/09/2007,170
17/09/2007,128
17/09/2007,206
17/09/2007,206
17/09/2007,82
17/09/2007,68
17/09/2007,80
17/09/2007,134
18/09/2007,361
18/09/2007,27
18/09/2007,55
20/09/2007,150
20/09/2007,632
21/09/2007,5751
21/09/2007,3822
21/09/2007,1108
21/09/2007,266
21/09/2007,144
21/09/2007,214
21/09/2007,132
21/09/2007,156
21/09/2007,146
21/09/2007,200
21/09/2007,256
21/09/2007,172
21/09/2007,140
21/09/2007,134
22/09/2007,790
22/09/2007,190
22/09/2007,326
24/09/2007,1966
25/09/2007,1074
25/09/2007,886
26/09/2007,35
26/09/2007,1072
26/09/2007,1370
26/09/2007,2072
27/09/2007,944
01/10/2007,714
01/10/2007,948
01/10/2007,546
01/10/2007,347
01/10/2007,878
01/10/2007,1522
01/10/2007,653
01/10/2007,508
01/10/2007,502
02/10/2007,310
02/10/2007,394
02/10/2007,1784
02/10/2007,71
02/10/2007,114
02/10/2007,23
02/10/2007,158
02/10/2007,435
02/10/2007,712
02/10/2007,712
02/10/2007,2238
02/10/2007,957
03/10/2007,95
03/10/2007,47
03/10/2007,136
03/10/2007,178
03/10/2007,274
04/10/2007,100
04/10/2007,152
04/10/2007,152
04/10/2007,216
04/10/2007,302
04/10/2007,306
04/10/2007,500
04/10/2007,506
04/10/2007,504
04/10/2007,606
04/10/2007,602
04/10/2007,226
04/10/2007,412
05/10/2007,306
05/10/2007,91
05/10/2007,2212
05/10/2007,2025
05/10/2007,510
05/10/2007,1796
05/10/2007,572
05/10/2007,546
08/10/2007,974
10/10/2007,3582
10/10/2007,2254
10/10/2007,95
10/10/2007,47
10/10/2007,54
11/10/2007,176
11/10/2007,75
12/10/2007,1513
12/10/2007,1072
12/10/2007,2054
12/10/2007,17
12/10/2007,74
12/10/2007,150
12/10/2007,182
12/10/2007,102
12/10/2007,106
12/10/2007,82
12/10/2007,144
12/10/2007,86
12/10/2007,68
12/10/2007,214
12/10/2007,588
16/10/2007,53
16/10/2007,1124
17/10/2007,158
18/10/2007,544
18/10/2007,518
19/10/2007,114
19/10/2007,554
19/10/2007,514
19/10/2007,524
19/10/2007,592
19/10/2007,520
19/10/2007,320
22/10/2007,502
22/10/2007,1068
22/10/2007,566
22/10/2007,1106
22/10/2007,1050
22/10/2007,45
22/10/2007,392
22/10/2007,4604
24/10/2007,7
24/10/2007,23
24/10/2007,450
24/10/2007,260
24/10/2007,250
24/10/2007,262
24/10/2007,248
24/10/2007,256
24/10/2007,250
24/10/2007,250
24/10/2007,266
24/10/2007,234
24/10/2007,230
24/10/2007,264
24/10/2007,248
24/10/2007,260
24/10/2007,258
24/10/2007,555
24/10/2007,178
24/10/2007,24
25/10/2007,6325
25/10/2007,29
26/10/2007,148
26/10/2007,147
26/10/2007,32
26/10/2007,2972
26/10/2007,1994
26/10/2007,2448
26/10/2007,2748
26/10/2007,1016
26/10/2007,360
26/10/2007,210
26/10/2007,180
26/10/2007,220
26/10/2007,220
26/10/2007,120
26/10/2007,181
26/10/2007,164
26/10/2007,178
26/10/2007,267
26/10/2007,84
26/10/2007,116
26/10/2007,145
26/10/2007,111
26/10/2007,172
30/10/2007,150
31/10/2007,270
31/10/2007,203
31/10/2007,180
31/10/2007,220
31/10/2007,180
31/10/2007,161
31/10/2007,294
31/10/2007,89
31/10/2007,109
31/10/2007,7
01/11/2007,262
01/11/2007,145
01/11/2007,168
01/11/2007,116
01/11/2007,174
01/11/2007,235
01/11/2007,134
01/11/2007,296
01/11/2007,420
01/11/2007,480
01/11/2007,360
01/11/2007,216
01/11/2007,315
01/11/2007,55
01/11/2007,292
01/11/2007,154
01/11/2007,268
01/11/2007,510
02/11/2007,2270
02/11/2007,4594
02/11/2007,90
02/11/2007,348
05/11/2007,112
05/11/2007,53
05/11/2007,22
05/11/2007,29
05/11/2007,22
05/11/2007,36
05/11/2007,8
07/11/2007,2546
07/11/2007,60
08/11/2007,1827
09/11/2007,1530
09/11/2007,2293
09/11/2007,942
09/11/2007,3136
09/11/2007,374
09/11/2007,720
09/11/2007,89
09/11/2007,54
09/11/2007,32
13/11/2007,138
13/11/2007,126
13/11/2007,833
13/11/2007,230
13/11/2007,5096
15/11/2007,3319
16/11/2007,1022
16/11/2007,534
17/11/2007,414
17/11/2007,322
19/11/2007,1045
19/11/2007,1007
19/11/2007,150
19/11/2007,13
20/11/2007,186
21/11/2007,1920
22/11/2007,752
22/11/2007,84
22/11/2007,106
22/11/2007,148
22/11/2007,226
22/11/2007,166
22/11/2007,352
22/11/2007,180
22/11/2007,258
22/11/2007,186
22/11/2007,208
22/11/2007,174
22/11/2007,106
22/11/2007,82
22/11/2007,68
22/11/2007,107
22/11/2007,116
22/11/2007,738
23/11/2007,502
23/11/2007,506
23/11/2007,500
23/11/2007,528
23/11/2007,508
23/11/2007,508
23/11/2007,717
24/11/2007,3796
26/11/2007,126
26/11/2007,172
26/11/2007,918
26/11/2007,2410
26/11/2007,3236
26/11/2007,345
26/11/2007,320
26/11/2007,63
26/11/2007,1074
26/11/2007,366
26/11/2007,2209
26/11/2007,6333
28/11/2007,326
28/11/2007,318
28/11/2007,131
28/11/2007,15
29/11/2007,1136
30/11/2007,1200
30/11/2007,1108
30/11/2007,1043
03/12/2007,63
03/12/2007,138
04/12/2007,131
04/12/2007,19
05/12/2007,300
05/12/2007,42
05/12/2007,132
05/12/2007,170
05/12/2007,314
05/12/2007,238
05/12/2007,270
05/12/2007,158
05/12/2007,154
05/12/2007,98
05/12/2007,308
05/12/2007,124
05/12/2007,1054
05/12/2007,1800
06/12/2007,108
07/12/2007,93
07/12/2007,712
07/12/2007,306
07/12/2007,386
07/12/2007,770
07/12/2007,1213
07/12/2007,644
07/12/2007,440
07/12/2007,91
07/12/2007,189
11/12/2007,1047
11/12/2007,328
11/12/2007,876
11/12/2007,618
11/12/2007,526
11/12/2007,534
11/12/2007,502
11/12/2007,426
11/12/2007,476
11/12/2007,536
11/12/2007,574
11/12/2007,526
11/12/2007,446
11/12/2007,216
11/12/2007,166
11/12/2007,224
11/12/2007,146
11/12/2007,148
11/12/2007,100
11/12/2007,116
11/12/2007,130
12/12/2007,2254
13/12/2007,182
13/12/2007,406
14/12/2007,380
14/12/2007,21
14/12/2007,447
15/12/2007,1275
15/12/2007,1116
15/12/2007,306
15/12/2007,538
18/12/2007,1300
18/12/2007,248
18/12/2007,90
18/12/2007,1181
18/12/2007,873
18/12/2007,2564
19/12/2007,6618
19/12/2007,534
19/12/2007,28
19/12/2007,95
20/12/2007,348
20/12/2007,912
21/12/2007,1044
21/12/2007,1112
21/12/2007,1044
28/12/2007,1544
28/12/2007,2350
02/01/2008,28
02/01/2008,553
02/01/2008,135
03/01/2008,95
03/01/2008,52
03/01/2008,35
03/01/2008,58
03/01/2008,218
03/01/2008,230
03/01/2008,110
03/01/2008,204
03/01/2008,32
03/01/2008,38
03/01/2008,220
03/01/2008,218
04/01/2008,1017
04/01/2008,502
04/01/2008,522
10/01/2008,1036
10/01/2008,936
11/01/2008,6530
11/01/2008,1526
11/01/2008,1817
11/01/2008,2267
11/01/2008,530
11/01/2008,502
11/01/2008,502
11/01/2008,516
11/01/2008,260
14/01/2008,148
17/01/2008,126
17/01/2008,14
17/01/2008,758
17/01/2008,1116
17/01/2008,2244
18/01/2008,1020
18/01/2008,606
18/01/2008,119
18/01/2008,14
18/01/2008,11
18/01/2008,702
21/01/2008,3046
22/01/2008,30
22/01/2008,1009
23/01/2008,552
23/01/2008,512
23/01/2008,536
23/01/2008,512
23/01/2008,174
23/01/2008,144
23/01/2008,1065
23/01/2008,1054
23/01/2008,1030
23/01/2008,1052
23/01/2008,1113
24/01/2008,81
28/01/2008,14
28/01/2008,290
28/01/2008,103
28/01/2008,15
28/01/2008,960
28/01/2008,862
28/01/2008,2692
28/01/2008,2712
28/01/2008,10336
29/01/2008,538
29/01/2008,1063
29/01/2008,1046
01/02/2008,3684
01/02/2008,2114
05/02/2008,4330
05/02/2008,2016
06/02/2008,436
06/02/2008,524
06/02/2008,506
06/02/2008,498
06/02/2008,520
06/02/2008,282
06/02/2008,364
06/02/2008,274
06/02/2008,164
06/02/2008,500
06/02/2008,24
08/02/2008,524
08/02/2008,472
08/02/2008,482
08/02/2008,500
08/02/2008,520
08/02/2008,43
08/02/2008,85
08/02/2008,636
08/02/2008,206
08/02/2008,116
08/02/2008,116
08/02/2008,240
11/02/2008,924
11/02/2008,558
11/02/2008,520
11/02/2008,528
12/02/2008,470
12/02/2008,1592
12/02/2008,534
12/02/2008,376
12/02/2008,1526
13/02/2008,1060
13/02/2008,9
13/02/2008,449
13/02/2008,112
13/02/2008,610
13/02/2008,182
13/02/2008,348
13/02/2008,98
13/02/2008,118
14/02/2008,555
14/02/2008,332
14/02/2008,134
14/02/2008,34
14/02/2008,24
14/02/2008,33
14/02/2008,1907
14/02/2008,2608
14/02/2008,724
18/02/2008,47
18/02/2008,64
18/02/2008,372
18/02/2008,516
18/02/2008,162
18/02/2008,536
18/02/2008,538
18/02/2008,536
18/02/2008,504
21/02/2008,2551
21/02/2008,4284
21/02/2008,1008
22/02/2008,11
22/02/2008,109
22/02/2008,78
22/02/2008,474
22/02/2008,360
22/02/2008,270
22/02/2008,356
22/02/2008,362
22/02/2008,214
22/02/2008,170
22/02/2008,3644
25/02/2008,644
25/02/2008,1050
26/02/2008,5054
26/02/2008,4017
26/02/2008,16
26/02/2008,7
26/02/2008,32
29/02/2008,21
29/02/2008,72
29/02/2008,292
29/02/2008,53
29/02/2008,108
29/02/2008,468
29/02/2008,504
29/02/2008,108
29/02/2008,526
29/02/2008,480
29/02/2008,2178
29/02/2008,2231
29/02/2008,128
29/02/2008,174
29/02/2008,62
29/02/2008,68
01/03/2008,690
01/03/2008,2082
01/03/2008,528
03/03/2008,162
03/03/2008,67
03/03/2008,10447
05/03/2008,44
05/03/2008,2320
05/03/2008,5421
05/03/2008,2412
06/03/2008,210
07/03/2008,272
07/03/2008,21
07/03/2008,67
07/03/2008,390
08/03/2008,1048
12/03/2008,1194
12/03/2008,430
12/03/2008,940
12/03/2008,3366
13/03/2008,436
13/03/2008,338
13/03/2008,288
13/03/2008,3807
13/03/2008,1143
13/03/2008,1094
13/03/2008,1898
13/03/2008,143
18/03/2008,520
18/03/2008,548
18/03/2008,270
18/03/2008,243
18/03/2008,509
18/03/2008,248
18/03/2008,300
18/03/2008,312
18/03/2008,250
19/03/2008,350
19/03/2008,120
19/03/2008,174
19/03/2008,284
20/03/2008,588
20/03/2008,460
20/03/2008,482
20/03/2008,592
25/03/2008,6
27/03/2008,232
27/03/2008,512
27/03/2008,140
28/03/2008,214
28/03/2008,134
28/03/2008,212
28/03/2008,612
28/03/2008,272
28/03/2008,142
28/03/2008,178
28/03/2008,210
28/03/2008,216
28/03/2008,554
28/03/2008,290
29/03/2008,3868
29/03/2008,2296
29/03/2008,1000
31/03/2008,4
31/03/2008,503
31/03/2008,112
31/03/2008,31
31/03/2008,1050
01/04/2008,4523
01/04/2008,5793
01/04/2008,1024
03/04/2008,2050
03/04/2008,3172
03/04/2008,1095
04/04/2008,3097
04/04/2008,2168
04/04/2008,3767
08/04/2008,1070
08/04/2008,2044
08/04/2008,1136
08/04/2008,110
09/04/2008,3050
11/04/2008,314
11/04/2008,178
11/04/2008,508
11/04/2008,120
11/04/2008,136
11/04/2008,362
11/04/2008,514
11/04/2008,230
11/04/2008,618
11/04/2008,362
11/04/2008,284
11/04/2008,196
11/04/2008,242
11/04/2008,182
11/04/2008,272
11/04/2008,5150
15/04/2008,1914
15/04/2008,1354
15/04/2008,1478
16/04/2008,1850
16/04/2008,54
17/04/2008,378
17/04/2008,105
17/04/2008,21
17/04/2008,7
17/04/2008,6
17/04/2008,60
17/04/2008,3
18/04/2008,3706
18/04/2008,1310
18/04/2008,228
18/04/2008,276
18/04/2008,202
18/04/2008,304
18/04/2008,404
18/04/2008,576
18/04/2008,1038
21/04/2008,177
21/04/2008,7
21/04/2008,15
23/04/2008,498
23/04/2008,96
23/04/2008,176
23/04/2008,24
23/04/2008,64
23/04/2008,28
23/04/2008,37
23/04/2008,492
23/04/2008,40
24/04/2008,958
24/04/2008,758
24/04/2008,428
24/04/2008,1088
28/04/2008,1084
28/04/2008,951
28/04/2008,822
28/04/2008,1084
02/05/2008,7214
02/05/2008,7236
02/05/2008,6442
02/05/2008,5748
02/05/2008,153
02/05/2008,75
02/05/2008,123
06/05/2008,2322
06/05/2008,2227
06/05/2008,2358
06/05/2008,116
06/05/2008,178
06/05/2008,240
06/05/2008,298
06/05/2008,360
06/05/2008,132
06/05/2008,54
06/05/2008,72
06/05/2008,24
06/05/2008,62
06/05/2008,120
06/05/2008,87
07/05/2008,701
07/05/2008,296
07/05/2008,312
07/05/2008,520
07/05/2008,658
07/05/2008,246
07/05/2008,100
07/05/2008,94
07/05/2008,174
07/05/2008,220
07/05/2008,86
07/05/2008,98
07/05/2008,176
07/05/2008,104
07/05/2008,74
07/05/2008,1036
07/05/2008,512
07/05/2008,518
07/05/2008,498
07/05/2008,502
07/05/2008,542
07/05/2008,524
07/05/2008,2365
08/05/2008,3756
08/05/2008,2488
08/05/2008,1062
09/05/2008,305
09/05/2008,2361
09/05/2008,2048
09/05/2008,982
09/05/2008,64
12/05/2008,1236
12/05/2008,286
12/05/2008,110
12/05/2008,112
13/05/2008,5116
14/05/2008,572
14/05/2008,446
14/05/2008,490
14/05/2008,502
14/05/2008,492
14/05/2008,510
14/05/2008,45
14/05/2008,31
16/05/2008,186
16/05/2008,503
16/05/2008,512
16/05/2008,954
16/05/2008,21
16/05/2008,804
16/05/2008,1073
16/05/2008,53
17/05/2008,1038
17/05/2008,528
17/05/2008,300
19/05/2008,357
19/05/2008,381
19/05/2008,138
19/05/2008,106
19/05/2008,566
19/05/2008,1050
20/05/2008,734
20/05/2008,438
21/05/2008,9
21/05/2008,178
21/05/2008,274
22/05/2008,127
22/05/2008,31
22/05/2008,8
22/05/2008,1064
23/05/2008,4233
23/05/2008,779
23/05/2008,98
23/05/2008,88
23/05/2008,1770
26/05/2008,157
26/05/2008,15
27/05/2008,472
28/05/2008,796
28/05/2008,224
29/05/2008,674
29/05/2008,666
29/05/2008,558
30/05/2008,273
30/05/2008,125
30/05/2008,260
30/05/2008,436
30/05/2008,544
30/05/2008,1060
30/05/2008,776
30/05/2008,560
03/06/2008,44
03/06/2008,168
03/06/2008,19
03/06/2008,90
04/06/2008,586
04/06/2008,1392
04/06/2008,554
05/06/2008,214
06/06/2008,54
09/06/2008,314
09/06/2008,522
11/06/2008,502
11/06/2008,200
11/06/2008,6299
11/06/2008,6914
11/06/2008,678
11/06/2008,1604
11/06/2008,839
11/06/2008,1336
11/06/2008,1360
11/06/2008,712
18/06/2008,695
18/06/2008,742
19/06/2008,645
19/06/2008,400
19/06/2008,287
19/06/2008,280
19/06/2008,103
21/06/2008,546
23/06/2008,164
26/06/2008,350
26/06/2008,286
26/06/2008,5083
26/06/2008,346
26/06/2008,1680
26/06/2008,2347
30/06/2008,5346
